,gtfs_route_id,service_date,peak_offpeak_ind,otp_numerator,otp_denominator
0,751,2018-01-01,OFF_PEAK,818.0,1012.0
1,43,2018-01-01,OFF_PEAK,314.0,394.0
2,749,2018-01-01,OFF_PEAK,1836.0,2195.0
3,1,2018-01-01,OFF_PEAK,689.0,1183.0
4,43,2018-01-02,OFF_PEAK,244.0,350.0
5,43,2018-01-02,PEAK,111.0,140.0
6,1,2018-01-02,OFF_PEAK,1136.0,1398.0
7,751,2018-01-02,OFF_PEAK,936.0,1142.0
8,749,2018-01-02,PEAK,611.0,689.0
9,749,2018-01-02,OFF_PEAK,1779.0,2039.0
10,751,2018-01-02,PEAK,301.0,361.0
11,1,2018-01-02,PEAK,418.0,556.0
12,751,2018-01-03,OFF_PEAK,886.0,1197.0
13,751,2018-01-03,PEAK,321.0,394.0
14,749,2018-01-03,OFF_PEAK,1713.0,2182.0
15,749,2018-01-03,PEAK,681.0,852.0
16,1,2018-01-03,PEAK,255.0,421.0
17,1,2018-01-03,OFF_PEAK,838.0,1239.0
18,43,2018-01-03,PEAK,59.0,140.0
19,43,2018-01-03,OFF_PEAK,219.0,352.0
20,43,2018-01-04,OFF_PEAK,205.0,316.0
21,43,2018-01-04,PEAK,54.0,94.0
22,1,2018-01-04,PEAK,366.0,477.0
23,1,2018-01-04,OFF_PEAK,939.0,1196.0
24,751,2018-01-04,PEAK,352.0,402.0
25,751,2018-01-04,OFF_PEAK,853.0,1054.0
26,749,2018-01-04,PEAK,476.0,605.0
27,749,2018-01-04,OFF_PEAK,1528.0,1875.0
28,751,2018-01-05,OFF_PEAK,878.0,1118.0
29,751,2018-01-05,PEAK,172.0,289.0
30,749,2018-01-05,OFF_PEAK,1518.0,2077.0
31,749,2018-01-05,PEAK,515.0,738.0
32,1,2018-01-05,OFF_PEAK,744.0,1015.0
33,1,2018-01-05,PEAK,263.0,358.0
34,43,2018-01-05,OFF_PEAK,171.0,354.0
35,43,2018-01-05,PEAK,95.0,140.0
36,43,2018-01-06,OFF_PEAK,193.0,477.0
37,751,2018-01-06,OFF_PEAK,945.0,1268.0
38,749,2018-01-06,OFF_PEAK,2318.0,3125.0
39,1,2018-01-06,OFF_PEAK,1199.0,1572.0
40,43,2018-01-07,OFF_PEAK,215.0,414.0
41,1,2018-01-07,OFF_PEAK,765.0,1118.0
42,751,2018-01-07,OFF_PEAK,1124.0,1405.0
43,749,2018-01-07,OFF_PEAK,2224.0,2980.0
44,751,2018-01-08,PEAK,287.0,473.0
45,751,2018-01-08,OFF_PEAK,889.0,1130.0
46,749,2018-01-08,PEAK,409.0,615.0
47,749,2018-01-08,OFF_PEAK,1401.0,1762.0
48,1,2018-01-08,PEAK,287.0,432.0
49,1,2018-01-08,OFF_PEAK,908.0,1205.0
50,43,2018-01-08,OFF_PEAK,124.0,331.0
51,43,2018-01-08,PEAK,14.0,130.0
52,43,2018-01-09,PEAK,20.0,134.0
53,43,2018-01-09,OFF_PEAK,124.0,317.0
54,1,2018-01-09,PEAK,273.0,383.0
55,751,2018-01-09,PEAK,230.0,356.0
56,749,2018-01-09,OFF_PEAK,976.0,1254.0
57,749,2018-01-09,PEAK,454.0,592.0
58,751,2018-01-09,OFF_PEAK,743.0,1049.0
59,1,2018-01-09,OFF_PEAK,719.0,1039.0
60,43,2018-01-10,PEAK,34.0,137.0
61,43,2018-01-10,OFF_PEAK,202.0,343.0
62,1,2018-01-10,PEAK,312.0,493.0
63,749,2018-01-10,OFF_PEAK,1646.0,2099.0
64,749,2018-01-10,PEAK,593.0,823.0
65,751,2018-01-10,OFF_PEAK,1077.0,1353.0
66,751,2018-01-10,PEAK,307.0,434.0
67,1,2018-01-10,OFF_PEAK,875.0,1239.0
68,43,2018-01-11,OFF_PEAK,149.0,309.0
69,1,2018-01-11,PEAK,275.0,421.0
70,1,2018-01-11,OFF_PEAK,878.0,1225.0
71,43,2018-01-11,PEAK,73.0,140.0
72,749,2018-01-11,PEAK,559.0,756.0
73,751,2018-01-11,OFF_PEAK,1010.0,1274.0
74,751,2018-01-11,PEAK,308.0,496.0
75,749,2018-01-11,OFF_PEAK,1705.0,2246.0
76,751,2018-01-12,OFF_PEAK,711.0,967.0
77,751,2018-01-12,PEAK,302.0,457.0
78,749,2018-01-12,OFF_PEAK,1274.0,1760.0
79,749,2018-01-12,PEAK,529.0,771.0
80,1,2018-01-12,PEAK,273.0,420.0
81,43,2018-01-12,PEAK,59.0,134.0
82,43,2018-01-12,OFF_PEAK,176.0,348.0
83,1,2018-01-12,OFF_PEAK,661.0,960.0
84,751,2018-01-13,OFF_PEAK,1118.0,1404.0
85,43,2018-01-13,OFF_PEAK,353.0,517.0
86,1,2018-01-13,OFF_PEAK,1274.0,1731.0
87,749,2018-01-13,OFF_PEAK,2121.0,2642.0
88,749,2018-01-14,OFF_PEAK,2281.0,2916.0
89,43,2018-01-14,OFF_PEAK,293.0,412.0
90,1,2018-01-14,OFF_PEAK,836.0,1195.0
91,751,2018-01-14,OFF_PEAK,1328.0,1576.0
92,1,2018-01-15,OFF_PEAK,1367.0,1785.0
93,749,2018-01-15,OFF_PEAK,2769.0,3205.0
94,43,2018-01-15,OFF_PEAK,404.0,514.0
95,751,2018-01-15,OFF_PEAK,1677.0,1884.0
96,751,2018-01-16,PEAK,387.0,490.0
97,751,2018-01-16,OFF_PEAK,1097.0,1308.0
98,749,2018-01-16,PEAK,473.0,556.0
99,749,2018-01-16,OFF_PEAK,1519.0,1803.0
100,1,2018-01-16,OFF_PEAK,1029.0,1282.0
101,1,2018-01-16,PEAK,380.0,507.0
102,43,2018-01-16,OFF_PEAK,256.0,358.0
103,43,2018-01-16,PEAK,104.0,140.0
104,43,2018-01-17,OFF_PEAK,243.0,357.0
105,43,2018-01-17,PEAK,77.0,140.0
106,1,2018-01-17,OFF_PEAK,988.0,1255.0
107,751,2018-01-17,PEAK,412.0,501.0
108,749,2018-01-17,PEAK,501.0,604.0
109,749,2018-01-17,OFF_PEAK,1281.0,1564.0
110,751,2018-01-17,OFF_PEAK,1158.0,1371.0
111,1,2018-01-17,PEAK,324.0,402.0
112,43,2018-01-18,PEAK,65.0,138.0
113,43,2018-01-18,OFF_PEAK,165.0,349.0
114,1,2018-01-18,PEAK,228.0,292.0
115,751,2018-01-18,OFF_PEAK,882.0,1085.0
116,749,2018-01-18,OFF_PEAK,1468.0,1878.0
117,749,2018-01-18,PEAK,382.0,554.0
118,751,2018-01-18,PEAK,246.0,311.0
119,1,2018-01-18,OFF_PEAK,736.0,962.0
120,751,2018-01-19,OFF_PEAK,1055.0,1340.0
121,751,2018-01-19,PEAK,368.0,501.0
122,749,2018-01-19,OFF_PEAK,1810.0,2221.0
123,749,2018-01-19,PEAK,622.0,796.0
124,1,2018-01-19,PEAK,282.0,383.0
125,1,2018-01-19,OFF_PEAK,933.0,1197.0
126,43,2018-01-19,PEAK,78.0,132.0
127,43,2018-01-19,OFF_PEAK,158.0,357.0
128,1,2018-01-20,OFF_PEAK,1172.0,1638.0
129,43,2018-01-20,OFF_PEAK,319.0,497.0
130,751,2018-01-20,OFF_PEAK,1133.0,1452.0
131,749,2018-01-20,OFF_PEAK,2376.0,3140.0
132,751,2018-01-21,OFF_PEAK,1302.0,1507.0
133,749,2018-01-21,OFF_PEAK,1818.0,2479.0
134,1,2018-01-21,OFF_PEAK,768.0,1122.0
135,43,2018-01-21,OFF_PEAK,283.0,409.0
136,43,2018-01-22,OFF_PEAK,260.0,358.0
137,43,2018-01-22,PEAK,93.0,140.0
138,1,2018-01-22,OFF_PEAK,988.0,1301.0
139,751,2018-01-22,PEAK,386.0,459.0
140,749,2018-01-22,PEAK,679.0,856.0
141,749,2018-01-22,OFF_PEAK,1874.0,2332.0
142,751,2018-01-22,OFF_PEAK,1088.0,1296.0
143,1,2018-01-22,PEAK,302.0,429.0
144,751,2018-01-23,PEAK,405.0,499.0
145,751,2018-01-23,OFF_PEAK,1104.0,1352.0
146,749,2018-01-23,PEAK,653.0,813.0
147,749,2018-01-23,OFF_PEAK,1605.0,2086.0
148,1,2018-01-23,OFF_PEAK,984.0,1297.0
149,1,2018-01-23,PEAK,381.0,510.0
150,43,2018-01-23,OFF_PEAK,230.0,351.0
151,43,2018-01-23,PEAK,82.0,140.0
152,43,2018-01-24,PEAK,82.0,137.0
153,1,2018-01-24,PEAK,403.0,540.0
154,1,2018-01-24,OFF_PEAK,1071.0,1389.0
155,43,2018-01-24,OFF_PEAK,208.0,359.0
156,749,2018-01-24,PEAK,508.0,650.0
157,751,2018-01-24,OFF_PEAK,1044.0,1367.0
158,751,2018-01-24,PEAK,356.0,497.0
159,749,2018-01-24,OFF_PEAK,1686.0,2005.0
160,43,2018-01-25,OFF_PEAK,195.0,350.0
161,1,2018-01-25,OFF_PEAK,998.0,1296.0
162,1,2018-01-25,PEAK,429.0,542.0
163,43,2018-01-25,PEAK,58.0,140.0
164,749,2018-01-25,OFF_PEAK,1515.0,1836.0
165,751,2018-01-25,OFF_PEAK,1047.0,1333.0
166,751,2018-01-25,PEAK,365.0,501.0
167,749,2018-01-25,PEAK,527.0,609.0
168,751,2018-01-26,PEAK,366.0,470.0
169,751,2018-01-26,OFF_PEAK,1059.0,1340.0
170,749,2018-01-26,PEAK,635.0,785.0
171,749,2018-01-26,OFF_PEAK,1740.0,2280.0
172,1,2018-01-26,OFF_PEAK,852.0,1205.0
173,1,2018-01-26,PEAK,315.0,468.0
174,43,2018-01-26,OFF_PEAK,192.0,357.0
175,43,2018-01-26,PEAK,81.0,140.0
176,749,2018-01-27,OFF_PEAK,2522.0,3229.0
177,43,2018-01-27,OFF_PEAK,263.0,479.0
178,1,2018-01-27,OFF_PEAK,1206.0,1717.0
179,751,2018-01-27,OFF_PEAK,1294.0,1557.0
180,751,2018-01-28,OFF_PEAK,1213.0,1527.0
181,749,2018-01-28,OFF_PEAK,2219.0,2779.0
182,1,2018-01-28,OFF_PEAK,880.0,1197.0
183,43,2018-01-28,OFF_PEAK,245.0,418.0
184,751,2018-01-29,PEAK,383.0,449.0
185,751,2018-01-29,OFF_PEAK,1135.0,1320.0
186,749,2018-01-29,PEAK,683.0,815.0
187,749,2018-01-29,OFF_PEAK,1646.0,2043.0
188,1,2018-01-29,OFF_PEAK,910.0,1192.0
189,1,2018-01-29,PEAK,337.0,467.0
190,43,2018-01-29,OFF_PEAK,280.0,358.0
191,43,2018-01-29,PEAK,90.0,140.0
192,43,2018-01-30,PEAK,59.0,140.0
193,43,2018-01-30,OFF_PEAK,237.0,343.0
194,1,2018-01-30,OFF_PEAK,1045.0,1333.0
195,749,2018-01-30,OFF_PEAK,1846.0,2252.0
196,749,2018-01-30,PEAK,648.0,828.0
197,751,2018-01-30,PEAK,376.0,454.0
198,751,2018-01-30,OFF_PEAK,1098.0,1299.0
199,1,2018-01-30,PEAK,361.0,514.0
200,751,2018-01-31,OFF_PEAK,1109.0,1356.0
201,751,2018-01-31,PEAK,379.0,501.0
202,749,2018-01-31,OFF_PEAK,1984.0,2389.0
203,749,2018-01-31,PEAK,705.0,864.0
204,1,2018-01-31,PEAK,367.0,498.0
205,1,2018-01-31,OFF_PEAK,909.0,1215.0
206,43,2018-01-31,OFF_PEAK,243.0,358.0
207,43,2018-01-31,PEAK,70.0,140.0
208,1,2018-02-01,PEAK,315.0,461.0
209,43,2018-02-01,OFF_PEAK,193.0,332.0
210,43,2018-02-01,PEAK,48.0,90.0
211,749,2018-02-01,PEAK,722.0,854.0
212,749,2018-02-01,OFF_PEAK,1777.0,2337.0
213,1,2018-02-01,OFF_PEAK,1036.0,1350.0
214,751,2018-02-01,OFF_PEAK,1014.0,1351.0
215,751,2018-02-01,PEAK,391.0,488.0
216,43,2018-02-02,PEAK,54.0,140.0
217,43,2018-02-02,OFF_PEAK,230.0,357.0
218,1,2018-02-02,PEAK,300.0,399.0
219,1,2018-02-02,OFF_PEAK,770.0,1036.0
220,749,2018-02-02,OFF_PEAK,1829.0,2339.0
221,751,2018-02-02,PEAK,374.0,501.0
222,751,2018-02-02,OFF_PEAK,1015.0,1324.0
223,749,2018-02-02,PEAK,627.0,830.0
224,43,2018-02-03,OFF_PEAK,333.0,484.0
225,751,2018-02-03,OFF_PEAK,1159.0,1548.0
226,749,2018-02-03,OFF_PEAK,2443.0,3300.0
227,1,2018-02-03,OFF_PEAK,1280.0,1678.0
228,1,2018-02-04,OFF_PEAK,718.0,1096.0
229,43,2018-02-04,OFF_PEAK,248.0,404.0
230,751,2018-02-04,OFF_PEAK,1239.0,1510.0
231,749,2018-02-04,OFF_PEAK,2174.0,2751.0
232,751,2018-02-05,PEAK,321.0,396.0
233,751,2018-02-05,OFF_PEAK,1069.0,1309.0
234,749,2018-02-05,PEAK,616.0,761.0
235,749,2018-02-05,OFF_PEAK,1825.0,2314.0
236,1,2018-02-05,OFF_PEAK,912.0,1173.0
237,1,2018-02-05,PEAK,352.0,459.0
238,43,2018-02-05,OFF_PEAK,269.0,357.0
239,43,2018-02-05,PEAK,59.0,140.0
240,43,2018-02-06,PEAK,72.0,140.0
241,43,2018-02-06,OFF_PEAK,200.0,354.0
242,1,2018-02-06,OFF_PEAK,1027.0,1365.0
243,1,2018-02-06,PEAK,388.0,509.0
244,751,2018-02-06,PEAK,341.0,500.0
245,749,2018-02-06,PEAK,717.0,864.0
246,751,2018-02-06,OFF_PEAK,1072.0,1284.0
247,749,2018-02-06,OFF_PEAK,1909.0,2277.0
248,1,2018-02-07,PEAK,292.0,435.0
249,43,2018-02-07,PEAK,83.0,140.0
250,43,2018-02-07,OFF_PEAK,249.0,354.0
251,1,2018-02-07,OFF_PEAK,896.0,1155.0
252,749,2018-02-07,PEAK,617.0,809.0
253,749,2018-02-07,OFF_PEAK,1859.0,2327.0
254,751,2018-02-07,OFF_PEAK,1045.0,1306.0
255,751,2018-02-07,PEAK,344.0,449.0
256,43,2018-02-08,OFF_PEAK,146.0,306.0
257,43,2018-02-08,PEAK,69.0,139.0
258,1,2018-02-08,PEAK,383.0,517.0
259,1,2018-02-08,OFF_PEAK,974.0,1353.0
260,751,2018-02-08,OFF_PEAK,1102.0,1381.0
261,749,2018-02-08,OFF_PEAK,1815.0,2287.0
262,749,2018-02-08,PEAK,605.0,788.0
263,751,2018-02-08,PEAK,393.0,501.0
264,751,2018-02-09,PEAK,290.0,428.0
265,751,2018-02-09,OFF_PEAK,891.0,1236.0
266,749,2018-02-09,OFF_PEAK,1571.0,2071.0
267,749,2018-02-09,PEAK,662.0,853.0
268,1,2018-02-09,OFF_PEAK,673.0,1048.0
269,1,2018-02-09,PEAK,231.0,361.0
270,43,2018-02-09,OFF_PEAK,156.0,333.0
271,43,2018-02-09,PEAK,49.0,109.0
272,43,2018-02-10,OFF_PEAK,278.0,515.0
273,1,2018-02-10,OFF_PEAK,1210.0,1644.0
274,751,2018-02-10,OFF_PEAK,880.0,1038.0
275,749,2018-02-10,OFF_PEAK,2037.0,2699.0
276,751,2018-02-11,OFF_PEAK,1262.0,1579.0
277,749,2018-02-11,OFF_PEAK,2008.0,2726.0
278,1,2018-02-11,OFF_PEAK,897.0,1196.0
279,43,2018-02-11,OFF_PEAK,248.0,416.0
280,43,2018-02-12,PEAK,79.0,140.0
281,43,2018-02-12,OFF_PEAK,251.0,357.0
282,1,2018-02-12,OFF_PEAK,967.0,1257.0
283,1,2018-02-12,PEAK,329.0,450.0
284,749,2018-02-12,OFF_PEAK,1785.0,2210.0
285,751,2018-02-12,PEAK,302.0,367.0
286,751,2018-02-12,OFF_PEAK,998.0,1169.0
287,749,2018-02-12,PEAK,732.0,863.0
288,43,2018-02-13,OFF_PEAK,253.0,348.0
289,1,2018-02-13,PEAK,334.0,440.0
290,1,2018-02-13,OFF_PEAK,1000.0,1317.0
291,749,2018-02-13,OFF_PEAK,1337.0,1799.0
292,43,2018-02-13,PEAK,87.0,140.0
293,751,2018-02-13,PEAK,370.0,453.0
294,751,2018-02-13,OFF_PEAK,1025.0,1253.0
295,749,2018-02-13,PEAK,601.0,761.0
296,43,2018-02-14,OFF_PEAK,188.0,342.0
297,43,2018-02-14,PEAK,61.0,140.0
298,1,2018-02-14,PEAK,277.0,382.0
299,1,2018-02-14,OFF_PEAK,794.0,1178.0
300,751,2018-02-14,OFF_PEAK,1000.0,1339.0
301,749,2018-02-14,OFF_PEAK,1872.0,2334.0
302,751,2018-02-14,PEAK,386.0,501.0
303,749,2018-02-14,PEAK,665.0,851.0
304,749,2018-02-15,OFF_PEAK,1619.0,1984.0
305,751,2018-02-15,PEAK,375.0,487.0
306,751,2018-02-15,OFF_PEAK,1037.0,1292.0
307,749,2018-02-15,PEAK,468.0,629.0
308,1,2018-02-15,OFF_PEAK,980.0,1328.0
309,1,2018-02-15,PEAK,355.0,502.0
310,43,2018-02-15,OFF_PEAK,262.0,358.0
311,43,2018-02-15,PEAK,63.0,137.0
312,751,2018-02-16,PEAK,397.0,501.0
313,751,2018-02-16,OFF_PEAK,1121.0,1384.0
314,749,2018-02-16,PEAK,510.0,608.0
315,749,2018-02-16,OFF_PEAK,1343.0,1756.0
316,1,2018-02-16,OFF_PEAK,904.0,1282.0
317,1,2018-02-16,PEAK,376.0,530.0
318,43,2018-02-16,OFF_PEAK,216.0,360.0
319,43,2018-02-16,PEAK,101.0,140.0
320,1,2018-02-17,OFF_PEAK,1119.0,1588.0
321,43,2018-02-17,OFF_PEAK,277.0,516.0
322,751,2018-02-17,OFF_PEAK,1184.0,1628.0
323,749,2018-02-17,OFF_PEAK,2227.0,2933.0
324,751,2018-02-18,OFF_PEAK,1212.0,1450.0
325,749,2018-02-18,OFF_PEAK,2147.0,2682.0
326,1,2018-02-18,OFF_PEAK,875.0,1183.0
327,43,2018-02-18,OFF_PEAK,218.0,418.0
328,751,2018-02-19,OFF_PEAK,1482.0,1697.0
329,749,2018-02-19,OFF_PEAK,2714.0,3217.0
330,1,2018-02-19,OFF_PEAK,1389.0,1793.0
331,43,2018-02-19,OFF_PEAK,367.0,517.0
332,43,2018-02-20,OFF_PEAK,212.0,348.0
333,43,2018-02-20,PEAK,92.0,139.0
334,1,2018-02-20,PEAK,383.0,510.0
335,1,2018-02-20,OFF_PEAK,976.0,1353.0
336,751,2018-02-20,PEAK,363.0,501.0
337,749,2018-02-20,PEAK,688.0,820.0
338,751,2018-02-20,OFF_PEAK,1113.0,1387.0
339,749,2018-02-20,OFF_PEAK,1774.0,2217.0
340,1,2018-02-21,PEAK,267.0,403.0
341,43,2018-02-21,PEAK,33.0,118.0
342,1,2018-02-21,OFF_PEAK,799.0,1095.0
343,43,2018-02-21,OFF_PEAK,164.0,314.0
344,749,2018-02-21,PEAK,343.0,488.0
345,751,2018-02-21,OFF_PEAK,855.0,1078.0
346,749,2018-02-21,OFF_PEAK,1181.0,1515.0
347,751,2018-02-21,PEAK,338.0,445.0
348,43,2018-02-22,PEAK,72.0,140.0
349,1,2018-02-22,PEAK,331.0,504.0
350,1,2018-02-22,OFF_PEAK,894.0,1278.0
351,43,2018-02-22,OFF_PEAK,172.0,358.0
352,749,2018-02-22,OFF_PEAK,1632.0,1966.0
353,751,2018-02-22,PEAK,323.0,424.0
354,751,2018-02-22,OFF_PEAK,944.0,1167.0
355,749,2018-02-22,PEAK,608.0,782.0
356,751,2018-02-23,OFF_PEAK,1092.0,1331.0
357,749,2018-02-23,PEAK,605.0,772.0
358,749,2018-02-23,OFF_PEAK,1389.0,1806.0
359,1,2018-02-23,PEAK,300.0,397.0
360,1,2018-02-23,OFF_PEAK,838.0,1206.0
361,43,2018-02-23,OFF_PEAK,156.0,356.0
362,43,2018-02-23,PEAK,68.0,140.0
363,751,2018-02-23,PEAK,405.0,497.0
364,1,2018-02-24,OFF_PEAK,1195.0,1640.0
365,43,2018-02-24,OFF_PEAK,255.0,505.0
366,749,2018-02-24,OFF_PEAK,2236.0,2799.0
367,751,2018-02-24,OFF_PEAK,1179.0,1420.0
368,751,2018-02-25,OFF_PEAK,970.0,1315.0
369,749,2018-02-25,OFF_PEAK,2009.0,2572.0
370,1,2018-02-25,OFF_PEAK,799.0,1103.0
371,43,2018-02-25,OFF_PEAK,243.0,405.0
372,1,2018-02-26,OFF_PEAK,939.0,1216.0
373,751,2018-02-26,OFF_PEAK,1167.0,1357.0
374,751,2018-02-26,PEAK,434.0,487.0
375,749,2018-02-26,OFF_PEAK,1434.0,1831.0
376,749,2018-02-26,PEAK,527.0,701.0
377,1,2018-02-26,PEAK,264.0,397.0
378,43,2018-02-26,OFF_PEAK,280.0,358.0
379,43,2018-02-26,PEAK,88.0,140.0
380,1,2018-02-27,OFF_PEAK,1018.0,1385.0
381,1,2018-02-27,PEAK,332.0,467.0
382,749,2018-02-27,OFF_PEAK,1740.0,2247.0
383,43,2018-02-27,PEAK,62.0,138.0
384,751,2018-02-27,OFF_PEAK,975.0,1268.0
385,751,2018-02-27,PEAK,398.0,495.0
386,749,2018-02-27,PEAK,629.0,852.0
387,43,2018-02-27,OFF_PEAK,173.0,349.0
388,749,2018-02-28,PEAK,652.0,766.0
389,751,2018-02-28,PEAK,381.0,497.0
390,749,2018-02-28,OFF_PEAK,1754.0,2182.0
391,43,2018-02-28,OFF_PEAK,212.0,356.0
392,43,2018-02-28,PEAK,73.0,138.0
393,1,2018-02-28,OFF_PEAK,843.0,1143.0
394,1,2018-02-28,PEAK,300.0,408.0
395,751,2018-02-28,OFF_PEAK,1168.0,1392.0
396,751,2018-03-01,OFF_PEAK,1041.0,1367.0
397,751,2018-03-01,PEAK,359.0,494.0
398,749,2018-03-01,OFF_PEAK,1421.0,1868.0
399,1,2018-03-01,OFF_PEAK,897.0,1268.0
400,1,2018-03-01,PEAK,328.0,446.0
401,43,2018-03-01,OFF_PEAK,155.0,348.0
402,43,2018-03-01,PEAK,50.0,140.0
403,749,2018-03-01,PEAK,577.0,786.0
404,1,2018-03-02,PEAK,245.0,362.0
405,43,2018-03-02,OFF_PEAK,209.0,359.0
406,751,2018-03-02,OFF_PEAK,850.0,1035.0
407,751,2018-03-02,PEAK,290.0,408.0
408,749,2018-03-02,PEAK,548.0,636.0
409,749,2018-03-02,OFF_PEAK,1238.0,1511.0
410,1,2018-03-02,OFF_PEAK,710.0,915.0
411,43,2018-03-02,PEAK,65.0,140.0
412,751,2018-03-03,OFF_PEAK,1143.0,1472.0
413,749,2018-03-03,OFF_PEAK,2215.0,2945.0
414,1,2018-03-03,OFF_PEAK,1170.0,1684.0
415,43,2018-03-03,OFF_PEAK,269.0,509.0
416,43,2018-03-04,OFF_PEAK,235.0,396.0
417,1,2018-03-04,OFF_PEAK,869.0,1199.0
418,749,2018-03-04,OFF_PEAK,2209.0,2814.0
419,751,2018-03-04,OFF_PEAK,1208.0,1510.0
420,751,2018-03-05,PEAK,331.0,399.0
421,751,2018-03-05,OFF_PEAK,1097.0,1244.0
422,749,2018-03-05,PEAK,587.0,737.0
423,749,2018-03-05,OFF_PEAK,1723.0,2184.0
424,1,2018-03-05,OFF_PEAK,961.0,1247.0
425,1,2018-03-05,PEAK,333.0,486.0
426,43,2018-03-05,PEAK,83.0,140.0
427,43,2018-03-05,OFF_PEAK,221.0,356.0
428,43,2018-03-06,OFF_PEAK,196.0,351.0
429,43,2018-03-06,PEAK,39.0,137.0
430,1,2018-03-06,PEAK,338.0,417.0
431,749,2018-03-06,OFF_PEAK,1556.0,1964.0
432,749,2018-03-06,PEAK,498.0,609.0
433,751,2018-03-06,OFF_PEAK,890.0,1088.0
434,751,2018-03-06,PEAK,253.0,358.0
435,1,2018-03-06,OFF_PEAK,905.0,1243.0
436,751,2018-03-07,PEAK,329.0,422.0
437,751,2018-03-07,OFF_PEAK,1111.0,1279.0
438,749,2018-03-07,PEAK,518.0,616.0
439,749,2018-03-07,OFF_PEAK,1499.0,1826.0
440,1,2018-03-07,OFF_PEAK,1114.0,1426.0
441,1,2018-03-07,PEAK,426.0,553.0
442,43,2018-03-07,PEAK,83.0,140.0
443,43,2018-03-07,OFF_PEAK,206.0,357.0
444,43,2018-03-08,PEAK,89.0,140.0
445,43,2018-03-08,OFF_PEAK,231.0,356.0
446,1,2018-03-08,PEAK,310.0,424.0
447,751,2018-03-08,PEAK,280.0,340.0
448,749,2018-03-08,PEAK,565.0,653.0
449,749,2018-03-08,OFF_PEAK,1805.0,2161.0
450,751,2018-03-08,OFF_PEAK,1055.0,1196.0
451,1,2018-03-08,OFF_PEAK,865.0,1183.0
452,43,2018-03-09,PEAK,47.0,140.0
453,43,2018-03-09,OFF_PEAK,193.0,354.0
454,1,2018-03-09,OFF_PEAK,903.0,1311.0
455,751,2018-03-09,PEAK,327.0,438.0
456,749,2018-03-09,PEAK,534.0,683.0
457,749,2018-03-09,OFF_PEAK,1638.0,2184.0
458,751,2018-03-09,OFF_PEAK,927.0,1251.0
459,1,2018-03-09,PEAK,315.0,485.0
460,751,2018-03-10,OFF_PEAK,1186.0,1559.0
461,749,2018-03-10,OFF_PEAK,2408.0,3172.0
462,1,2018-03-10,OFF_PEAK,867.0,1262.0
463,43,2018-03-10,OFF_PEAK,261.0,515.0
464,751,2018-03-11,OFF_PEAK,1131.0,1532.0
465,749,2018-03-11,OFF_PEAK,2203.0,2766.0
466,1,2018-03-11,OFF_PEAK,770.0,1107.0
467,43,2018-03-11,OFF_PEAK,203.0,402.0
468,43,2018-03-12,OFF_PEAK,233.0,355.0
469,43,2018-03-12,PEAK,69.0,140.0
470,1,2018-03-12,PEAK,299.0,414.0
471,751,2018-03-12,PEAK,393.0,487.0
472,749,2018-03-12,OFF_PEAK,1818.0,2299.0
473,749,2018-03-12,PEAK,593.0,743.0
474,751,2018-03-12,OFF_PEAK,1094.0,1346.0
475,1,2018-03-12,OFF_PEAK,893.0,1211.0
476,43,2018-03-13,OFF_PEAK,181.0,288.0
477,43,2018-03-13,PEAK,65.0,112.0
478,1,2018-03-13,PEAK,336.0,464.0
479,749,2018-03-13,OFF_PEAK,1967.0,2337.0
480,749,2018-03-13,PEAK,712.0,787.0
481,751,2018-03-13,PEAK,432.0,474.0
482,751,2018-03-13,OFF_PEAK,1065.0,1195.0
483,1,2018-03-13,OFF_PEAK,999.0,1345.0
484,43,2018-03-14,PEAK,86.0,140.0
485,1,2018-03-14,PEAK,343.0,472.0
486,1,2018-03-14,OFF_PEAK,989.0,1316.0
487,43,2018-03-14,OFF_PEAK,213.0,356.0
488,749,2018-03-14,PEAK,694.0,811.0
489,751,2018-03-14,OFF_PEAK,1184.0,1376.0
490,751,2018-03-14,PEAK,400.0,497.0
491,749,2018-03-14,OFF_PEAK,1670.0,2020.0
492,751,2018-03-15,PEAK,286.0,462.0
493,751,2018-03-15,OFF_PEAK,964.0,1252.0
494,749,2018-03-15,PEAK,525.0,716.0
495,749,2018-03-15,OFF_PEAK,1559.0,2080.0
496,1,2018-03-15,OFF_PEAK,934.0,1330.0
497,43,2018-03-15,PEAK,39.0,140.0
498,1,2018-03-15,PEAK,334.0,518.0
499,43,2018-03-15,OFF_PEAK,171.0,354.0
500,749,2018-03-16,PEAK,554.0,683.0
501,751,2018-03-16,PEAK,308.0,419.0
502,749,2018-03-16,OFF_PEAK,1690.0,2242.0
503,1,2018-03-16,OFF_PEAK,666.0,1024.0
504,1,2018-03-16,PEAK,209.0,359.0
505,43,2018-03-16,PEAK,84.0,140.0
506,43,2018-03-16,OFF_PEAK,165.0,355.0
507,751,2018-03-16,OFF_PEAK,1011.0,1305.0
508,43,2018-03-17,OFF_PEAK,300.0,496.0
509,1,2018-03-17,OFF_PEAK,1137.0,1576.0
510,749,2018-03-17,OFF_PEAK,2451.0,3215.0
511,751,2018-03-17,OFF_PEAK,1235.0,1617.0
512,751,2018-03-18,OFF_PEAK,1104.0,1512.0
513,749,2018-03-18,OFF_PEAK,1706.0,2340.0
514,1,2018-03-18,OFF_PEAK,796.0,1091.0
515,43,2018-03-18,OFF_PEAK,247.0,405.0
516,43,2018-03-19,PEAK,68.0,109.0
517,1,2018-03-19,OFF_PEAK,975.0,1330.0
518,1,2018-03-19,PEAK,390.0,542.0
519,43,2018-03-19,OFF_PEAK,192.0,345.0
520,749,2018-03-19,OFF_PEAK,1877.0,2248.0
521,751,2018-03-19,OFF_PEAK,1076.0,1277.0
522,751,2018-03-19,PEAK,360.0,483.0
523,749,2018-03-19,PEAK,490.0,672.0
524,751,2018-03-20,PEAK,382.0,498.0
525,751,2018-03-20,OFF_PEAK,1100.0,1339.0
526,749,2018-03-20,OFF_PEAK,1668.0,2084.0
527,749,2018-03-20,PEAK,592.0,821.0
528,1,2018-03-20,OFF_PEAK,942.0,1265.0
529,1,2018-03-20,PEAK,287.0,463.0
530,43,2018-03-20,PEAK,41.0,87.0
531,43,2018-03-20,OFF_PEAK,149.0,244.0
532,43,2018-03-21,OFF_PEAK,262.0,347.0
533,43,2018-03-21,PEAK,97.0,140.0
534,1,2018-03-21,PEAK,367.0,524.0
535,751,2018-03-21,OFF_PEAK,1094.0,1288.0
536,749,2018-03-21,PEAK,691.0,809.0
537,749,2018-03-21,OFF_PEAK,1708.0,2127.0
538,751,2018-03-21,PEAK,414.0,493.0
539,1,2018-03-21,OFF_PEAK,1058.0,1380.0
540,43,2018-03-22,PEAK,90.0,140.0
541,1,2018-03-22,PEAK,355.0,478.0
542,1,2018-03-22,OFF_PEAK,1089.0,1332.0
543,43,2018-03-22,OFF_PEAK,255.0,355.0
544,749,2018-03-22,PEAK,697.0,810.0
545,751,2018-03-22,PEAK,426.0,493.0
546,749,2018-03-22,OFF_PEAK,1655.0,2046.0
547,751,2018-03-22,OFF_PEAK,1091.0,1286.0
548,751,2018-03-23,PEAK,274.0,440.0
549,751,2018-03-23,OFF_PEAK,919.0,1301.0
550,749,2018-03-23,PEAK,432.0,615.0
551,749,2018-03-23,OFF_PEAK,1494.0,1978.0
552,1,2018-03-23,OFF_PEAK,767.0,1200.0
553,1,2018-03-23,PEAK,234.0,359.0
554,43,2018-03-23,PEAK,86.0,135.0
555,43,2018-03-23,OFF_PEAK,158.0,353.0
556,43,2018-03-24,OFF_PEAK,213.0,401.0
557,749,2018-03-24,OFF_PEAK,2032.0,2696.0
558,1,2018-03-24,OFF_PEAK,794.0,1233.0
559,751,2018-03-24,OFF_PEAK,1069.0,1389.0
560,751,2018-03-25,OFF_PEAK,1267.0,1568.0
561,749,2018-03-25,OFF_PEAK,2378.0,2982.0
562,1,2018-03-25,OFF_PEAK,890.0,1183.0
563,43,2018-03-25,OFF_PEAK,219.0,401.0
564,1,2018-03-26,PEAK,362.0,499.0
565,43,2018-03-26,PEAK,95.0,138.0
566,43,2018-03-26,OFF_PEAK,254.0,354.0
567,749,2018-03-26,OFF_PEAK,1629.0,2128.0
568,749,2018-03-26,PEAK,620.0,732.0
569,751,2018-03-26,OFF_PEAK,974.0,1270.0
570,751,2018-03-26,PEAK,302.0,363.0
571,1,2018-03-26,OFF_PEAK,1037.0,1334.0
572,43,2018-03-27,OFF_PEAK,180.0,342.0
573,1,2018-03-27,PEAK,321.0,473.0
574,1,2018-03-27,OFF_PEAK,931.0,1280.0
575,43,2018-03-27,PEAK,52.0,137.0
576,749,2018-03-27,OFF_PEAK,1682.0,2101.0
577,751,2018-03-27,PEAK,324.0,417.0
578,751,2018-03-27,OFF_PEAK,993.0,1237.0
579,749,2018-03-27,PEAK,564.0,761.0
580,751,2018-03-28,PEAK,385.0,494.0
581,751,2018-03-28,OFF_PEAK,1012.0,1275.0
582,749,2018-03-28,PEAK,692.0,831.0
583,749,2018-03-28,OFF_PEAK,1916.0,2311.0
584,1,2018-03-28,OFF_PEAK,966.0,1338.0
585,1,2018-03-28,PEAK,335.0,480.0
586,43,2018-03-28,PEAK,39.0,109.0
587,43,2018-03-28,OFF_PEAK,177.0,337.0
588,43,2018-03-29,PEAK,56.0,140.0
589,43,2018-03-29,OFF_PEAK,151.0,348.0
590,1,2018-03-29,OFF_PEAK,975.0,1350.0
591,751,2018-03-29,OFF_PEAK,965.0,1353.0
592,749,2018-03-29,OFF_PEAK,1388.0,1971.0
593,749,2018-03-29,PEAK,466.0,618.0
594,1,2018-03-29,PEAK,307.0,463.0
595,751,2018-03-29,PEAK,352.0,501.0
596,43,2018-03-30,PEAK,99.0,140.0
597,43,2018-03-30,OFF_PEAK,171.0,355.0
598,1,2018-03-30,OFF_PEAK,962.0,1294.0
599,1,2018-03-30,PEAK,345.0,451.0
600,749,2018-03-30,OFF_PEAK,1816.0,2286.0
601,751,2018-03-30,OFF_PEAK,1014.0,1325.0
602,751,2018-03-30,PEAK,356.0,497.0
603,749,2018-03-30,PEAK,619.0,750.0
604,751,2018-03-31,OFF_PEAK,1160.0,1511.0
605,749,2018-03-31,OFF_PEAK,2165.0,2865.0
606,1,2018-03-31,OFF_PEAK,1152.0,1621.0
607,43,2018-03-31,OFF_PEAK,257.0,486.0
608,43,2018-04-01,OFF_PEAK,245.0,404.0
609,751,2018-04-01,OFF_PEAK,823.0,1156.0
610,749,2018-04-01,OFF_PEAK,1987.0,2651.0
611,1,2018-04-01,OFF_PEAK,762.0,1125.0
612,751,2018-04-02,PEAK,348.0,463.0
613,751,2018-04-02,OFF_PEAK,1027.0,1327.0
614,749,2018-04-02,OFF_PEAK,1794.0,2261.0
615,749,2018-04-02,PEAK,682.0,826.0
616,1,2018-04-02,PEAK,366.0,511.0
617,1,2018-04-02,OFF_PEAK,1063.0,1404.0
618,43,2018-04-02,OFF_PEAK,262.0,354.0
619,43,2018-04-02,PEAK,87.0,108.0
620,43,2018-04-03,PEAK,55.0,124.0
621,43,2018-04-03,OFF_PEAK,175.0,352.0
622,1,2018-04-03,OFF_PEAK,926.0,1254.0
623,751,2018-04-03,OFF_PEAK,967.0,1321.0
624,749,2018-04-03,OFF_PEAK,1613.0,2073.0
625,749,2018-04-03,PEAK,565.0,762.0
626,751,2018-04-03,PEAK,322.0,497.0
627,1,2018-04-03,PEAK,295.0,491.0
628,1,2018-04-04,PEAK,268.0,423.0
629,43,2018-04-04,OFF_PEAK,197.0,355.0
630,1,2018-04-04,OFF_PEAK,910.0,1219.0
631,43,2018-04-04,PEAK,45.0,127.0
632,749,2018-04-04,PEAK,548.0,720.0
633,751,2018-04-04,PEAK,353.0,431.0
634,751,2018-04-04,OFF_PEAK,935.0,1206.0
635,749,2018-04-04,OFF_PEAK,1602.0,2038.0
636,751,2018-04-05,PEAK,362.0,473.0
637,751,2018-04-05,OFF_PEAK,971.0,1333.0
638,749,2018-04-05,PEAK,621.0,840.0
639,749,2018-04-05,OFF_PEAK,1721.0,2185.0
640,1,2018-04-05,PEAK,246.0,382.0
641,1,2018-04-05,OFF_PEAK,900.0,1271.0
642,43,2018-04-05,PEAK,50.0,127.0
643,43,2018-04-05,OFF_PEAK,219.0,357.0
644,43,2018-04-06,PEAK,70.0,119.0
645,43,2018-04-06,OFF_PEAK,200.0,347.0
646,1,2018-04-06,OFF_PEAK,833.0,1288.0
647,751,2018-04-06,PEAK,341.0,456.0
648,749,2018-04-06,PEAK,642.0,832.0
649,749,2018-04-06,OFF_PEAK,1686.0,2353.0
650,751,2018-04-06,OFF_PEAK,1034.0,1332.0
651,1,2018-04-06,PEAK,230.0,351.0
652,751,2018-04-07,OFF_PEAK,977.0,1438.0
653,749,2018-04-07,OFF_PEAK,2264.0,3026.0
654,1,2018-04-07,OFF_PEAK,1041.0,1433.0
655,43,2018-04-07,OFF_PEAK,268.0,478.0
656,43,2018-04-08,OFF_PEAK,245.0,405.0
657,751,2018-04-08,OFF_PEAK,1133.0,1581.0
658,749,2018-04-08,OFF_PEAK,2263.0,2998.0
659,1,2018-04-08,OFF_PEAK,815.0,1124.0
660,751,2018-04-09,PEAK,402.0,498.0
661,749,2018-04-09,OFF_PEAK,1875.0,2317.0
662,749,2018-04-09,PEAK,683.0,857.0
663,1,2018-04-09,OFF_PEAK,984.0,1301.0
664,1,2018-04-09,PEAK,376.0,492.0
665,43,2018-04-09,OFF_PEAK,261.0,354.0
666,43,2018-04-09,PEAK,90.0,127.0
667,751,2018-04-09,OFF_PEAK,1153.0,1388.0
668,43,2018-04-10,PEAK,84.0,122.0
669,43,2018-04-10,OFF_PEAK,189.0,298.0
670,1,2018-04-10,PEAK,367.0,543.0
671,749,2018-04-10,PEAK,676.0,846.0
672,749,2018-04-10,OFF_PEAK,1893.0,2334.0
673,751,2018-04-10,PEAK,369.0,492.0
674,1,2018-04-10,OFF_PEAK,962.0,1379.0
675,751,2018-04-10,OFF_PEAK,1086.0,1293.0
676,1,2018-04-11,OFF_PEAK,876.0,1283.0
677,43,2018-04-11,PEAK,93.0,126.0
678,43,2018-04-11,OFF_PEAK,230.0,358.0
679,1,2018-04-11,PEAK,312.0,450.0
680,749,2018-04-11,OFF_PEAK,1598.0,2035.0
681,751,2018-04-11,PEAK,345.0,456.0
682,751,2018-04-11,OFF_PEAK,1094.0,1390.0
683,749,2018-04-11,PEAK,492.0,652.0
684,43,2018-04-12,OFF_PEAK,215.0,356.0
685,1,2018-04-12,OFF_PEAK,830.0,1187.0
686,1,2018-04-12,PEAK,297.0,462.0
687,43,2018-04-12,PEAK,61.0,129.0
688,749,2018-04-12,PEAK,686.0,858.0
689,751,2018-04-12,OFF_PEAK,1104.0,1341.0
690,751,2018-04-12,PEAK,387.0,497.0
691,749,2018-04-12,OFF_PEAK,1702.0,2131.0
692,751,2018-04-13,OFF_PEAK,912.0,1191.0
693,751,2018-04-13,PEAK,358.0,475.0
694,749,2018-04-13,OFF_PEAK,1728.0,2339.0
695,749,2018-04-13,PEAK,639.0,783.0
696,1,2018-04-13,OFF_PEAK,771.0,1113.0
697,1,2018-04-13,PEAK,264.0,386.0
698,43,2018-04-13,OFF_PEAK,203.0,357.0
699,43,2018-04-13,PEAK,86.0,127.0
700,43,2018-04-14,OFF_PEAK,261.0,430.0
701,749,2018-04-14,OFF_PEAK,2410.0,3227.0
702,1,2018-04-14,OFF_PEAK,1214.0,1731.0
703,751,2018-04-14,OFF_PEAK,891.0,1358.0
704,751,2018-04-15,OFF_PEAK,994.0,1360.0
705,749,2018-04-15,OFF_PEAK,2292.0,2978.0
706,1,2018-04-15,OFF_PEAK,805.0,1160.0
707,43,2018-04-15,OFF_PEAK,249.0,403.0
708,749,2018-04-16,OFF_PEAK,1824.0,2136.0
709,43,2018-04-16,PEAK,71.0,104.0
710,1,2018-04-16,OFF_PEAK,1092.0,1417.0
711,43,2018-04-16,OFF_PEAK,215.0,301.0
712,749,2018-04-16,PEAK,731.0,799.0
713,751,2018-04-16,OFF_PEAK,1106.0,1281.0
714,751,2018-04-16,PEAK,332.0,418.0
715,1,2018-04-16,PEAK,377.0,495.0
716,751,2018-04-17,PEAK,429.0,501.0
717,751,2018-04-17,OFF_PEAK,1142.0,1348.0
718,749,2018-04-17,PEAK,575.0,725.0
719,749,2018-04-17,OFF_PEAK,1573.0,1822.0
720,1,2018-04-17,OFF_PEAK,1003.0,1383.0
721,1,2018-04-17,PEAK,415.0,541.0
722,43,2018-04-17,OFF_PEAK,242.0,344.0
723,43,2018-04-17,PEAK,94.0,131.0
724,1,2018-04-18,PEAK,322.0,445.0
725,43,2018-04-18,OFF_PEAK,190.0,352.0
726,1,2018-04-18,OFF_PEAK,967.0,1325.0
727,43,2018-04-18,PEAK,63.0,126.0
728,749,2018-04-18,PEAK,543.0,711.0
729,751,2018-04-18,OFF_PEAK,1105.0,1393.0
730,751,2018-04-18,PEAK,404.0,471.0
731,749,2018-04-18,OFF_PEAK,1519.0,1866.0
732,751,2018-04-19,OFF_PEAK,1116.0,1371.0
733,751,2018-04-19,PEAK,416.0,501.0
734,749,2018-04-19,PEAK,558.0,696.0
735,749,2018-04-19,OFF_PEAK,1504.0,1853.0
736,1,2018-04-19,PEAK,411.0,541.0
737,1,2018-04-19,OFF_PEAK,885.0,1314.0
738,43,2018-04-19,PEAK,67.0,131.0
739,43,2018-04-19,OFF_PEAK,222.0,357.0
740,43,2018-04-20,OFF_PEAK,161.0,347.0
741,43,2018-04-20,PEAK,44.0,124.0
742,1,2018-04-20,PEAK,319.0,448.0
743,1,2018-04-20,OFF_PEAK,813.0,1181.0
744,749,2018-04-20,PEAK,620.0,799.0
745,751,2018-04-20,OFF_PEAK,1123.0,1388.0
746,751,2018-04-20,PEAK,411.0,501.0
747,749,2018-04-20,OFF_PEAK,1752.0,2188.0
748,751,2018-04-21,OFF_PEAK,1269.0,1615.0
749,749,2018-04-21,OFF_PEAK,2119.0,2795.0
750,1,2018-04-21,OFF_PEAK,794.0,1217.0
751,43,2018-04-21,OFF_PEAK,234.0,480.0
752,751,2018-04-22,OFF_PEAK,814.0,1133.0
753,749,2018-04-22,OFF_PEAK,1616.0,2217.0
754,1,2018-04-22,OFF_PEAK,493.0,912.0
755,43,2018-04-22,OFF_PEAK,189.0,377.0
756,43,2018-04-23,OFF_PEAK,276.0,356.0
757,43,2018-04-23,PEAK,92.0,128.0
758,1,2018-04-23,PEAK,281.0,419.0
759,751,2018-04-23,PEAK,387.0,483.0
760,749,2018-04-23,PEAK,707.0,861.0
761,749,2018-04-23,OFF_PEAK,1869.0,2319.0
762,751,2018-04-23,OFF_PEAK,1131.0,1389.0
763,1,2018-04-23,OFF_PEAK,763.0,1102.0
764,751,2018-04-24,OFF_PEAK,1088.0,1377.0
765,751,2018-04-24,PEAK,444.0,501.0
766,749,2018-04-24,OFF_PEAK,1879.0,2340.0
767,749,2018-04-24,PEAK,756.0,860.0
768,1,2018-04-24,PEAK,369.0,515.0
769,1,2018-04-24,OFF_PEAK,902.0,1239.0
770,43,2018-04-24,OFF_PEAK,174.0,347.0
771,43,2018-04-24,PEAK,71.0,128.0
772,43,2018-04-25,PEAK,45.0,128.0
773,43,2018-04-25,OFF_PEAK,190.0,356.0
774,1,2018-04-25,PEAK,279.0,446.0
775,751,2018-04-25,PEAK,320.0,475.0
776,749,2018-04-25,OFF_PEAK,1795.0,2292.0
777,749,2018-04-25,PEAK,600.0,794.0
778,751,2018-04-25,OFF_PEAK,1030.0,1288.0
779,1,2018-04-25,OFF_PEAK,873.0,1212.0
780,43,2018-04-26,OFF_PEAK,202.0,355.0
781,1,2018-04-26,OFF_PEAK,685.0,1113.0
782,1,2018-04-26,PEAK,300.0,475.0
783,43,2018-04-26,PEAK,43.0,128.0
784,749,2018-04-26,OFF_PEAK,1379.0,1888.0
785,751,2018-04-26,OFF_PEAK,991.0,1238.0
786,751,2018-04-26,PEAK,383.0,497.0
787,749,2018-04-26,PEAK,527.0,697.0
788,751,2018-04-27,OFF_PEAK,1083.0,1370.0
789,751,2018-04-27,PEAK,300.0,406.0
790,749,2018-04-27,OFF_PEAK,1290.0,1688.0
791,749,2018-04-27,PEAK,489.0,641.0
792,1,2018-04-27,PEAK,153.0,292.0
793,1,2018-04-27,OFF_PEAK,683.0,1100.0
794,43,2018-04-27,OFF_PEAK,175.0,348.0
795,43,2018-04-27,PEAK,49.0,127.0
796,43,2018-04-28,OFF_PEAK,152.0,443.0
797,1,2018-04-28,OFF_PEAK,902.0,1403.0
798,751,2018-04-28,OFF_PEAK,1209.0,1541.0
799,749,2018-04-28,OFF_PEAK,2123.0,2947.0
800,751,2018-04-29,OFF_PEAK,972.0,1237.0
801,749,2018-04-29,OFF_PEAK,1918.0,2550.0
802,1,2018-04-29,OFF_PEAK,650.0,1066.0
803,43,2018-04-29,OFF_PEAK,186.0,400.0
804,751,2018-04-30,PEAK,299.0,421.0
805,751,2018-04-30,OFF_PEAK,1017.0,1299.0
806,749,2018-04-30,OFF_PEAK,1647.0,2061.0
807,749,2018-04-30,PEAK,678.0,795.0
808,1,2018-04-30,OFF_PEAK,832.0,1213.0
809,1,2018-04-30,PEAK,263.0,415.0
810,43,2018-04-30,OFF_PEAK,193.0,354.0
811,43,2018-04-30,PEAK,60.0,127.0
812,43,2018-05-01,OFF_PEAK,160.0,347.0
813,751,2018-05-01,OFF_PEAK,1054.0,1345.0
814,751,2018-05-01,PEAK,397.0,497.0
815,749,2018-05-01,PEAK,641.0,860.0
816,749,2018-05-01,OFF_PEAK,1736.0,2306.0
817,1,2018-05-01,OFF_PEAK,902.0,1301.0
818,1,2018-05-01,PEAK,347.0,528.0
819,43,2018-05-01,PEAK,62.0,127.0
820,43,2018-05-02,OFF_PEAK,167.0,338.0
821,43,2018-05-02,PEAK,67.0,129.0
822,1,2018-05-02,PEAK,313.0,480.0
823,749,2018-05-02,PEAK,638.0,839.0
824,749,2018-05-02,OFF_PEAK,1679.0,2153.0
825,751,2018-05-02,OFF_PEAK,984.0,1245.0
826,1,2018-05-02,OFF_PEAK,894.0,1247.0
827,751,2018-05-02,PEAK,356.0,473.0
828,751,2018-05-03,PEAK,310.0,451.0
829,751,2018-05-03,OFF_PEAK,1012.0,1292.0
830,749,2018-05-03,PEAK,615.0,798.0
831,749,2018-05-03,OFF_PEAK,1569.0,2064.0
832,1,2018-05-03,OFF_PEAK,760.0,1132.0
833,1,2018-05-03,PEAK,296.0,432.0
834,43,2018-05-03,PEAK,45.0,126.0
835,43,2018-05-03,OFF_PEAK,189.0,355.0
836,751,2018-05-04,OFF_PEAK,1005.0,1379.0
837,751,2018-05-04,PEAK,353.0,479.0
838,749,2018-05-04,PEAK,590.0,807.0
839,749,2018-05-04,OFF_PEAK,1564.0,2200.0
840,1,2018-05-04,OFF_PEAK,734.0,1180.0
841,1,2018-05-04,PEAK,273.0,413.0
842,43,2018-05-04,OFF_PEAK,184.0,342.0
843,43,2018-05-04,PEAK,49.0,116.0
844,751,2018-05-05,OFF_PEAK,1151.0,1582.0
845,749,2018-05-05,OFF_PEAK,2162.0,2913.0
846,1,2018-05-05,OFF_PEAK,840.0,1299.0
847,43,2018-05-05,OFF_PEAK,219.0,487.0
848,1,2018-05-06,OFF_PEAK,710.0,1071.0
849,749,2018-05-06,OFF_PEAK,2187.0,3034.0
850,43,2018-05-06,OFF_PEAK,182.0,339.0
851,751,2018-05-06,OFF_PEAK,1178.0,1576.0
852,1,2018-05-07,OFF_PEAK,901.0,1201.0
853,43,2018-05-07,PEAK,65.0,117.0
854,43,2018-05-07,OFF_PEAK,230.0,339.0
855,1,2018-05-07,PEAK,344.0,496.0
856,751,2018-05-07,PEAK,363.0,476.0
857,749,2018-05-07,PEAK,462.0,612.0
858,751,2018-05-07,OFF_PEAK,1090.0,1339.0
859,749,2018-05-07,OFF_PEAK,1544.0,1993.0
860,43,2018-05-08,PEAK,74.0,126.0
861,751,2018-05-08,PEAK,415.0,498.0
862,751,2018-05-08,OFF_PEAK,1081.0,1350.0
863,749,2018-05-08,PEAK,596.0,770.0
864,749,2018-05-08,OFF_PEAK,1547.0,1994.0
865,1,2018-05-08,OFF_PEAK,953.0,1322.0
866,1,2018-05-08,PEAK,327.0,460.0
867,43,2018-05-08,OFF_PEAK,168.0,320.0
868,43,2018-05-09,PEAK,38.0,117.0
869,43,2018-05-09,OFF_PEAK,190.0,349.0
870,1,2018-05-09,OFF_PEAK,950.0,1340.0
871,749,2018-05-09,PEAK,721.0,848.0
872,1,2018-05-09,PEAK,340.0,504.0
873,751,2018-05-09,PEAK,352.0,452.0
874,751,2018-05-09,OFF_PEAK,802.0,1123.0
875,749,2018-05-09,OFF_PEAK,1719.0,2261.0
876,751,2018-05-10,OFF_PEAK,1039.0,1383.0
877,751,2018-05-10,PEAK,424.0,497.0
878,749,2018-05-10,OFF_PEAK,1425.0,1857.0
879,749,2018-05-10,PEAK,437.0,575.0
880,1,2018-05-10,OFF_PEAK,823.0,1216.0
881,1,2018-05-10,PEAK,302.0,454.0
882,43,2018-05-10,OFF_PEAK,196.0,353.0
883,43,2018-05-10,PEAK,60.0,130.0
884,43,2018-05-11,PEAK,66.0,127.0
885,43,2018-05-11,OFF_PEAK,179.0,346.0
886,1,2018-05-11,PEAK,65.0,112.0
887,749,2018-05-11,OFF_PEAK,1710.0,2233.0
888,1,2018-05-11,OFF_PEAK,329.0,527.0
889,751,2018-05-11,PEAK,382.0,501.0
890,751,2018-05-11,OFF_PEAK,1050.0,1348.0
891,749,2018-05-11,PEAK,616.0,816.0
892,751,2018-05-12,OFF_PEAK,1009.0,1509.0
893,749,2018-05-12,OFF_PEAK,2097.0,2812.0
894,1,2018-05-12,OFF_PEAK,643.0,1092.0
895,43,2018-05-12,OFF_PEAK,226.0,447.0
896,43,2018-05-13,OFF_PEAK,162.0,359.0
897,1,2018-05-13,OFF_PEAK,551.0,902.0
898,749,2018-05-13,OFF_PEAK,1693.0,2302.0
899,751,2018-05-13,OFF_PEAK,1119.0,1455.0
900,43,2018-05-14,PEAK,79.0,129.0
901,1,2018-05-14,PEAK,289.0,442.0
902,751,2018-05-14,PEAK,354.0,445.0
903,751,2018-05-14,OFF_PEAK,1036.0,1199.0
904,749,2018-05-14,PEAK,601.0,768.0
905,749,2018-05-14,OFF_PEAK,1504.0,1920.0
906,1,2018-05-14,OFF_PEAK,834.0,1115.0
907,43,2018-05-14,OFF_PEAK,238.0,353.0
908,1,2018-05-15,OFF_PEAK,907.0,1222.0
909,43,2018-05-15,PEAK,53.0,119.0
910,1,2018-05-15,PEAK,314.0,491.0
911,751,2018-05-15,OFF_PEAK,1013.0,1369.0
912,749,2018-05-15,OFF_PEAK,1763.0,2254.0
913,751,2018-05-15,PEAK,355.0,484.0
914,43,2018-05-15,OFF_PEAK,169.0,352.0
915,749,2018-05-15,PEAK,631.0,812.0
916,751,2018-05-16,PEAK,322.0,409.0
917,1,2018-05-16,OFF_PEAK,961.0,1331.0
918,749,2018-05-16,PEAK,640.0,831.0
919,43,2018-05-16,PEAK,79.0,128.0
920,43,2018-05-16,OFF_PEAK,199.0,356.0
921,751,2018-05-16,OFF_PEAK,914.0,1162.0
922,1,2018-05-16,PEAK,370.0,543.0
923,749,2018-05-16,OFF_PEAK,1866.0,2312.0
924,43,2018-05-17,OFF_PEAK,149.0,342.0
925,1,2018-05-17,PEAK,324.0,445.0
926,749,2018-05-17,OFF_PEAK,1715.0,2157.0
927,43,2018-05-17,PEAK,62.0,130.0
928,751,2018-05-17,OFF_PEAK,950.0,1338.0
929,751,2018-05-17,PEAK,377.0,497.0
930,749,2018-05-17,PEAK,617.0,745.0
931,1,2018-05-17,OFF_PEAK,834.0,1182.0
932,43,2018-05-18,OFF_PEAK,215.0,344.0
933,751,2018-05-18,OFF_PEAK,813.0,1122.0
934,751,2018-05-18,PEAK,256.0,399.0
935,749,2018-05-18,OFF_PEAK,1606.0,2162.0
936,749,2018-05-18,PEAK,585.0,755.0
937,1,2018-05-18,OFF_PEAK,717.0,1130.0
938,1,2018-05-18,PEAK,273.0,404.0
939,43,2018-05-18,PEAK,87.0,129.0
940,1,2018-05-19,OFF_PEAK,910.0,1366.0
941,43,2018-05-19,OFF_PEAK,207.0,359.0
942,749,2018-05-19,OFF_PEAK,2098.0,2814.0
943,751,2018-05-19,OFF_PEAK,855.0,1201.0
944,751,2018-05-20,OFF_PEAK,1012.0,1545.0
945,749,2018-05-20,OFF_PEAK,2196.0,2845.0
946,1,2018-05-20,OFF_PEAK,661.0,1023.0
947,43,2018-05-20,OFF_PEAK,140.0,242.0
948,43,2018-05-21,OFF_PEAK,234.0,356.0
949,43,2018-05-21,PEAK,72.0,125.0
950,1,2018-05-21,PEAK,335.0,500.0
951,749,2018-05-21,PEAK,592.0,789.0
952,1,2018-05-21,OFF_PEAK,879.0,1239.0
953,751,2018-05-21,PEAK,393.0,480.0
954,751,2018-05-21,OFF_PEAK,1152.0,1378.0
955,749,2018-05-21,OFF_PEAK,1885.0,2368.0
956,43,2018-05-22,OFF_PEAK,245.0,355.0
957,751,2018-05-22,OFF_PEAK,968.0,1170.0
958,751,2018-05-22,PEAK,339.0,483.0
959,749,2018-05-22,OFF_PEAK,1809.0,2174.0
960,749,2018-05-22,PEAK,651.0,836.0
961,1,2018-05-22,OFF_PEAK,969.0,1310.0
962,1,2018-05-22,PEAK,313.0,464.0
963,43,2018-05-22,PEAK,60.0,128.0
964,1,2018-05-23,OFF_PEAK,889.0,1286.0
965,43,2018-05-23,PEAK,48.0,107.0
966,43,2018-05-23,OFF_PEAK,206.0,338.0
967,1,2018-05-23,PEAK,356.0,541.0
968,751,2018-05-23,PEAK,337.0,459.0
969,749,2018-05-23,OFF_PEAK,1788.0,2305.0
970,751,2018-05-23,OFF_PEAK,1001.0,1268.0
971,749,2018-05-23,PEAK,632.0,818.0
972,43,2018-05-24,PEAK,77.0,129.0
973,1,2018-05-24,OFF_PEAK,630.0,931.0
974,1,2018-05-24,PEAK,237.0,344.0
975,749,2018-05-24,OFF_PEAK,1810.0,2303.0
976,43,2018-05-24,OFF_PEAK,212.0,357.0
977,751,2018-05-24,OFF_PEAK,1007.0,1276.0
978,751,2018-05-24,PEAK,386.0,481.0
979,749,2018-05-24,PEAK,657.0,831.0
980,43,2018-05-25,PEAK,74.0,121.0
981,751,2018-05-25,PEAK,411.0,495.0
982,751,2018-05-25,OFF_PEAK,1116.0,1391.0
983,749,2018-05-25,PEAK,713.0,865.0
984,749,2018-05-25,OFF_PEAK,1853.0,2369.0
985,1,2018-05-25,OFF_PEAK,852.0,1212.0
986,1,2018-05-25,PEAK,376.0,494.0
987,43,2018-05-25,OFF_PEAK,170.0,334.0
988,1,2018-05-26,OFF_PEAK,902.0,1254.0
989,749,2018-05-26,OFF_PEAK,2423.0,3078.0
990,43,2018-05-26,OFF_PEAK,284.0,479.0
991,751,2018-05-26,OFF_PEAK,1127.0,1599.0
992,751,2018-05-27,OFF_PEAK,1210.0,1529.0
993,749,2018-05-27,OFF_PEAK,2261.0,2785.0
994,1,2018-05-27,OFF_PEAK,693.0,1050.0
995,43,2018-05-27,OFF_PEAK,183.0,365.0
996,1,2018-05-28,OFF_PEAK,775.0,1179.0
997,43,2018-05-28,OFF_PEAK,192.0,387.0
998,751,2018-05-28,OFF_PEAK,1175.0,1468.0
999,749,2018-05-28,OFF_PEAK,2247.0,2819.0
1000,43,2018-05-29,PEAK,82.0,128.0
1001,43,2018-05-29,OFF_PEAK,215.0,356.0
1002,751,2018-05-29,OFF_PEAK,1101.0,1341.0
1003,749,2018-05-29,OFF_PEAK,1656.0,2033.0
1004,749,2018-05-29,PEAK,654.0,823.0
1005,751,2018-05-29,PEAK,374.0,489.0
1006,1,2018-05-29,PEAK,413.0,534.0
1007,1,2018-05-29,OFF_PEAK,993.0,1421.0
1008,751,2018-05-30,PEAK,343.0,475.0
1009,751,2018-05-30,OFF_PEAK,1085.0,1343.0
1010,749,2018-05-30,OFF_PEAK,1590.0,2093.0
1011,749,2018-05-30,PEAK,526.0,723.0
1012,1,2018-05-30,PEAK,349.0,517.0
1013,1,2018-05-30,OFF_PEAK,922.0,1324.0
1014,43,2018-05-30,OFF_PEAK,182.0,358.0
1015,43,2018-05-30,PEAK,38.0,129.0
1016,43,2018-05-31,OFF_PEAK,132.0,345.0
1017,751,2018-05-31,PEAK,390.0,498.0
1018,1,2018-05-31,PEAK,339.0,496.0
1019,1,2018-05-31,OFF_PEAK,911.0,1299.0
1020,43,2018-05-31,PEAK,57.0,117.0
1021,749,2018-05-31,PEAK,577.0,725.0
1022,751,2018-05-31,OFF_PEAK,1120.0,1388.0
1023,749,2018-05-31,OFF_PEAK,1640.0,2090.0
1024,751,2018-06-01,OFF_PEAK,15.0,15.0
1025,751,2018-06-01,PEAK,1.0,1.0
1026,749,2018-06-01,OFF_PEAK,59.0,72.0
1027,749,2018-06-01,PEAK,29.0,32.0
1028,43,2018-06-04,PEAK,66.0,129.0
1029,43,2018-06-04,OFF_PEAK,183.0,346.0
1030,1,2018-06-04,PEAK,346.0,457.0
1031,749,2018-06-04,OFF_PEAK,1655.0,2111.0
1032,749,2018-06-04,PEAK,625.0,789.0
1033,751,2018-06-04,OFF_PEAK,1133.0,1361.0
1034,751,2018-06-04,PEAK,377.0,498.0
1035,1,2018-06-04,OFF_PEAK,965.0,1312.0
1036,43,2018-06-05,OFF_PEAK,139.0,351.0
1037,43,2018-06-05,PEAK,35.0,129.0
1038,1,2018-06-05,OFF_PEAK,943.0,1317.0
1039,749,2018-06-05,OFF_PEAK,1687.0,2158.0
1040,749,2018-06-05,PEAK,562.0,761.0
1041,751,2018-06-05,PEAK,239.0,370.0
1042,751,2018-06-05,OFF_PEAK,1009.0,1357.0
1043,1,2018-06-05,PEAK,325.0,435.0
1044,751,2018-06-06,OFF_PEAK,897.0,1207.0
1045,751,2018-06-06,PEAK,340.0,483.0
1046,749,2018-06-06,OFF_PEAK,1636.0,2145.0
1047,749,2018-06-06,PEAK,686.0,863.0
1048,1,2018-06-06,OFF_PEAK,959.0,1342.0
1049,1,2018-06-06,PEAK,368.0,536.0
1050,43,2018-06-06,OFF_PEAK,179.0,353.0
1051,43,2018-06-06,PEAK,56.0,122.0
1052,1,2018-06-07,PEAK,286.0,427.0
1053,43,2018-06-07,PEAK,73.0,129.0
1054,1,2018-06-07,OFF_PEAK,749.0,1070.0
1055,43,2018-06-07,OFF_PEAK,163.0,334.0
1056,749,2018-06-07,PEAK,605.0,785.0
1057,751,2018-06-07,OFF_PEAK,1053.0,1351.0
1058,749,2018-06-07,OFF_PEAK,1451.0,1907.0
1059,751,2018-06-07,PEAK,352.0,497.0
1060,43,2018-06-08,PEAK,57.0,105.0
1061,43,2018-06-08,OFF_PEAK,163.0,346.0
1062,1,2018-06-08,OFF_PEAK,823.0,1139.0
1063,751,2018-06-08,PEAK,302.0,436.0
1064,749,2018-06-08,OFF_PEAK,1736.0,2274.0
1065,749,2018-06-08,PEAK,566.0,795.0
1066,751,2018-06-08,OFF_PEAK,1036.0,1365.0
1067,1,2018-06-08,PEAK,283.0,396.0
1068,751,2018-06-09,OFF_PEAK,992.0,1392.0
1069,749,2018-06-09,OFF_PEAK,1935.0,2676.0
1070,1,2018-06-09,OFF_PEAK,865.0,1270.0
1071,43,2018-06-09,OFF_PEAK,137.0,370.0
1072,751,2018-06-10,OFF_PEAK,1132.0,1451.0
1073,749,2018-06-10,OFF_PEAK,1643.0,2259.0
1074,1,2018-06-10,OFF_PEAK,591.0,789.0
1075,43,2018-06-10,OFF_PEAK,235.0,380.0
1076,43,2018-06-11,OFF_PEAK,237.0,355.0
1077,1,2018-06-11,OFF_PEAK,1001.0,1310.0
1078,1,2018-06-11,PEAK,383.0,510.0
1079,43,2018-06-11,PEAK,99.0,128.0
1080,749,2018-06-11,PEAK,556.0,731.0
1081,751,2018-06-11,PEAK,339.0,465.0
1082,749,2018-06-11,OFF_PEAK,1757.0,2206.0
1083,751,2018-06-11,OFF_PEAK,1080.0,1280.0
1084,751,2018-06-12,PEAK,259.0,326.0
1085,43,2018-06-12,PEAK,57.0,120.0
1086,1,2018-06-12,PEAK,327.0,480.0
1087,43,2018-06-12,OFF_PEAK,179.0,356.0
1088,749,2018-06-12,OFF_PEAK,1677.0,2175.0
1089,749,2018-06-12,PEAK,538.0,719.0
1090,751,2018-06-12,OFF_PEAK,969.0,1188.0
1091,1,2018-06-12,OFF_PEAK,966.0,1300.0
1092,751,2018-06-13,PEAK,345.0,445.0
1093,749,2018-06-13,OFF_PEAK,1797.0,2378.0
1094,749,2018-06-13,PEAK,710.0,862.0
1095,1,2018-06-13,PEAK,375.0,529.0
1096,1,2018-06-13,OFF_PEAK,1013.0,1369.0
1097,43,2018-06-13,OFF_PEAK,189.0,358.0
1098,43,2018-06-13,PEAK,73.0,125.0
1099,751,2018-06-13,OFF_PEAK,997.0,1301.0
1100,751,2018-06-14,PEAK,305.0,385.0
1101,751,2018-06-14,OFF_PEAK,855.0,1139.0
1102,749,2018-06-14,OFF_PEAK,1792.0,2301.0
1103,1,2018-06-14,OFF_PEAK,933.0,1309.0
1104,1,2018-06-14,PEAK,292.0,440.0
1105,43,2018-06-14,PEAK,77.0,129.0
1106,43,2018-06-14,OFF_PEAK,231.0,357.0
1107,749,2018-06-14,PEAK,576.0,785.0
1108,43,2018-06-15,PEAK,85.0,125.0
1109,43,2018-06-15,OFF_PEAK,231.0,355.0
1110,1,2018-06-15,OFF_PEAK,791.0,1142.0
1111,1,2018-06-15,PEAK,307.0,426.0
1112,749,2018-06-15,OFF_PEAK,1663.0,2238.0
1113,751,2018-06-15,PEAK,386.0,495.0
1114,751,2018-06-15,OFF_PEAK,1061.0,1327.0
1115,749,2018-06-15,PEAK,581.0,788.0
1116,751,2018-06-16,OFF_PEAK,1114.0,1499.0
1117,749,2018-06-16,OFF_PEAK,2020.0,2714.0
1118,1,2018-06-16,OFF_PEAK,941.0,1359.0
1119,43,2018-06-16,OFF_PEAK,212.0,477.0
1120,1,2018-06-17,OFF_PEAK,527.0,688.0
1121,43,2018-06-17,OFF_PEAK,169.0,371.0
1122,751,2018-06-17,OFF_PEAK,977.0,1399.0
1123,749,2018-06-17,OFF_PEAK,1856.0,2549.0
1124,751,2018-06-18,PEAK,376.0,490.0
1125,751,2018-06-18,OFF_PEAK,1152.0,1348.0
1126,749,2018-06-18,PEAK,559.0,663.0
1127,749,2018-06-18,OFF_PEAK,1563.0,2134.0
1128,1,2018-06-18,PEAK,329.0,470.0
1129,1,2018-06-18,OFF_PEAK,992.0,1271.0
1130,43,2018-06-18,PEAK,93.0,129.0
1131,43,2018-06-18,OFF_PEAK,211.0,353.0
1132,43,2018-06-19,OFF_PEAK,196.0,356.0
1133,43,2018-06-19,PEAK,74.0,128.0
1134,1,2018-06-19,PEAK,382.0,518.0
1135,751,2018-06-19,OFF_PEAK,995.0,1320.0
1136,749,2018-06-19,OFF_PEAK,1860.0,2318.0
1137,749,2018-06-19,PEAK,674.0,850.0
1138,751,2018-06-19,PEAK,332.0,484.0
1139,1,2018-06-19,OFF_PEAK,956.0,1328.0
1140,43,2018-06-20,OFF_PEAK,200.0,344.0
1141,43,2018-06-20,PEAK,59.0,118.0
1142,1,2018-06-20,OFF_PEAK,997.0,1378.0
1143,1,2018-06-20,PEAK,359.0,528.0
1144,749,2018-06-20,OFF_PEAK,1582.0,1938.0
1145,751,2018-06-20,OFF_PEAK,1104.0,1379.0
1146,749,2018-06-20,PEAK,599.0,749.0
1147,751,2018-06-20,PEAK,345.0,491.0
1148,751,2018-06-21,OFF_PEAK,820.0,1101.0
1149,43,2018-06-21,OFF_PEAK,177.0,326.0
1150,1,2018-06-21,PEAK,321.0,449.0
1151,43,2018-06-21,PEAK,47.0,129.0
1152,749,2018-06-21,PEAK,561.0,725.0
1153,749,2018-06-21,OFF_PEAK,1319.0,1810.0
1154,751,2018-06-21,PEAK,344.0,442.0
1155,1,2018-06-21,OFF_PEAK,871.0,1205.0
1156,751,2018-06-22,OFF_PEAK,918.0,1210.0
1157,749,2018-06-22,PEAK,565.0,685.0
1158,749,2018-06-22,OFF_PEAK,1649.0,2034.0
1159,1,2018-06-22,OFF_PEAK,823.0,1244.0
1160,1,2018-06-22,PEAK,308.0,417.0
1161,43,2018-06-22,OFF_PEAK,178.0,353.0
1162,43,2018-06-22,PEAK,74.0,129.0
1163,751,2018-06-22,PEAK,367.0,475.0
1164,43,2018-06-23,OFF_PEAK,288.0,469.0
1165,1,2018-06-23,OFF_PEAK,1243.0,1675.0
1166,751,2018-06-23,OFF_PEAK,901.0,1171.0
1167,749,2018-06-23,OFF_PEAK,1978.0,2586.0
1168,751,2018-06-24,OFF_PEAK,1257.0,1591.0
1169,749,2018-06-24,OFF_PEAK,2247.0,2884.0
1170,1,2018-06-24,OFF_PEAK,864.0,1056.0
1171,43,2018-06-24,OFF_PEAK,206.0,371.0
1172,43,2018-06-25,PEAK,93.0,128.0
1173,43,2018-06-25,OFF_PEAK,274.0,356.0
1174,1,2018-06-25,OFF_PEAK,994.0,1337.0
1175,1,2018-06-25,PEAK,362.0,490.0
1176,749,2018-06-25,PEAK,688.0,836.0
1177,751,2018-06-25,OFF_PEAK,994.0,1292.0
1178,751,2018-06-25,PEAK,368.0,481.0
1179,749,2018-06-25,OFF_PEAK,1982.0,2410.0
1180,749,2018-06-26,OFF_PEAK,1748.0,2344.0
1181,749,2018-06-26,PEAK,582.0,813.0
1182,1,2018-06-26,OFF_PEAK,952.0,1345.0
1183,1,2018-06-26,PEAK,351.0,468.0
1184,43,2018-06-26,OFF_PEAK,212.0,356.0
1185,43,2018-06-26,PEAK,68.0,131.0
1186,751,2018-06-26,PEAK,350.0,486.0
1187,751,2018-06-26,OFF_PEAK,1026.0,1351.0
1188,1,2018-06-27,PEAK,352.0,464.0
1189,749,2018-06-27,PEAK,579.0,815.0
1190,749,2018-06-27,OFF_PEAK,1755.0,2267.0
1191,1,2018-06-27,OFF_PEAK,945.0,1334.0
1192,751,2018-06-27,PEAK,364.0,501.0
1193,43,2018-06-27,PEAK,76.0,131.0
1194,43,2018-06-27,OFF_PEAK,231.0,356.0
1195,751,2018-06-27,OFF_PEAK,1134.0,1386.0
1196,43,2018-06-28,OFF_PEAK,174.0,355.0
1197,43,2018-06-28,PEAK,51.0,131.0
1198,1,2018-06-28,PEAK,343.0,449.0
1199,1,2018-06-28,OFF_PEAK,976.0,1314.0
1200,749,2018-06-28,PEAK,712.0,863.0
1201,749,2018-06-28,OFF_PEAK,1847.0,2329.0
1202,751,2018-06-28,PEAK,355.0,479.0
1203,751,2018-06-28,OFF_PEAK,1038.0,1310.0
1204,749,2018-06-29,PEAK,656.0,824.0
1205,1,2018-06-29,PEAK,376.0,479.0
1206,43,2018-06-29,OFF_PEAK,174.0,343.0
1207,1,2018-06-29,OFF_PEAK,783.0,1168.0
1208,43,2018-06-29,PEAK,81.0,130.0
1209,751,2018-06-29,PEAK,367.0,487.0
1210,749,2018-06-29,OFF_PEAK,1817.0,2341.0
1211,751,2018-06-29,OFF_PEAK,1059.0,1353.0
1212,751,2018-06-30,OFF_PEAK,980.0,1253.0
1213,749,2018-06-30,OFF_PEAK,2469.0,3275.0
1214,1,2018-06-30,OFF_PEAK,1318.0,1675.0
1215,43,2018-06-30,OFF_PEAK,272.0,470.0
1216,751,2018-07-01,OFF_PEAK,1178.0,1375.0
1217,749,2018-07-01,OFF_PEAK,2118.0,2841.0
1218,1,2018-07-01,OFF_PEAK,951.0,1181.0
1219,43,2018-07-01,OFF_PEAK,244.0,412.0
1220,749,2018-07-02,OFF_PEAK,1773.0,2230.0
1221,751,2018-07-02,OFF_PEAK,873.0,1113.0
1222,751,2018-07-02,PEAK,393.0,490.0
1223,749,2018-07-02,PEAK,641.0,807.0
1224,1,2018-07-02,PEAK,351.0,488.0
1225,43,2018-07-02,PEAK,103.0,130.0
1226,43,2018-07-02,OFF_PEAK,245.0,350.0
1227,1,2018-07-02,OFF_PEAK,985.0,1281.0
1228,751,2018-07-03,PEAK,409.0,501.0
1229,751,2018-07-03,OFF_PEAK,973.0,1196.0
1230,749,2018-07-03,OFF_PEAK,1651.0,2226.0
1231,749,2018-07-03,PEAK,699.0,864.0
1232,1,2018-07-03,OFF_PEAK,899.0,1301.0
1233,1,2018-07-03,PEAK,360.0,525.0
1234,43,2018-07-03,PEAK,70.0,129.0
1235,43,2018-07-03,OFF_PEAK,173.0,323.0
1236,1,2018-07-04,OFF_PEAK,563.0,756.0
1237,749,2018-07-04,PEAK,650.0,762.0
1238,751,2018-07-04,OFF_PEAK,1022.0,1185.0
1239,1,2018-07-04,PEAK,192.0,257.0
1240,43,2018-07-04,PEAK,48.0,92.0
1241,43,2018-07-04,OFF_PEAK,165.0,306.0
1242,751,2018-07-04,PEAK,358.0,413.0
1243,749,2018-07-04,OFF_PEAK,1799.0,2230.0
1244,43,2018-07-05,PEAK,99.0,131.0
1245,1,2018-07-05,OFF_PEAK,851.0,1167.0
1246,1,2018-07-05,PEAK,353.0,468.0
1247,749,2018-07-05,PEAK,583.0,689.0
1248,751,2018-07-05,PEAK,343.0,417.0
1249,751,2018-07-05,OFF_PEAK,853.0,1098.0
1250,749,2018-07-05,OFF_PEAK,1487.0,1988.0
1251,43,2018-07-05,OFF_PEAK,254.0,345.0
1252,43,2018-07-06,OFF_PEAK,220.0,357.0
1253,751,2018-07-06,PEAK,377.0,479.0
1254,751,2018-07-06,OFF_PEAK,1040.0,1305.0
1255,749,2018-07-06,OFF_PEAK,1726.0,2193.0
1256,749,2018-07-06,PEAK,531.0,653.0
1257,1,2018-07-06,OFF_PEAK,902.0,1229.0
1258,1,2018-07-06,PEAK,355.0,476.0
1259,43,2018-07-06,PEAK,97.0,129.0
1260,751,2018-07-07,OFF_PEAK,895.0,1195.0
1261,1,2018-07-07,OFF_PEAK,1227.0,1620.0
1262,43,2018-07-07,OFF_PEAK,266.0,467.0
1263,749,2018-07-07,OFF_PEAK,2030.0,2630.0
1264,43,2018-07-08,OFF_PEAK,209.0,396.0
1265,751,2018-07-08,OFF_PEAK,1051.0,1312.0
1266,1,2018-07-08,OFF_PEAK,874.0,1107.0
1267,749,2018-07-08,OFF_PEAK,2039.0,2697.0
1268,751,2018-07-09,PEAK,254.0,307.0
1269,43,2018-07-09,OFF_PEAK,225.0,354.0
1270,1,2018-07-09,PEAK,380.0,491.0
1271,43,2018-07-09,PEAK,96.0,129.0
1272,749,2018-07-09,OFF_PEAK,1589.0,2067.0
1273,749,2018-07-09,PEAK,620.0,773.0
1274,751,2018-07-09,OFF_PEAK,807.0,983.0
1275,1,2018-07-09,OFF_PEAK,971.0,1334.0
1276,751,2018-07-10,OFF_PEAK,1090.0,1379.0
1277,749,2018-07-10,OFF_PEAK,1634.0,2159.0
1278,749,2018-07-10,PEAK,558.0,721.0
1279,1,2018-07-10,PEAK,382.0,531.0
1280,1,2018-07-10,OFF_PEAK,927.0,1289.0
1281,43,2018-07-10,PEAK,73.0,106.0
1282,43,2018-07-10,OFF_PEAK,192.0,294.0
1283,751,2018-07-10,PEAK,368.0,497.0
1284,751,2018-07-11,OFF_PEAK,1067.0,1381.0
1285,43,2018-07-11,OFF_PEAK,203.0,355.0
1286,749,2018-07-11,PEAK,617.0,753.0
1287,751,2018-07-11,PEAK,387.0,500.0
1288,43,2018-07-11,PEAK,85.0,130.0
1289,749,2018-07-11,OFF_PEAK,1537.0,2038.0
1290,1,2018-07-11,PEAK,359.0,513.0
1291,1,2018-07-11,OFF_PEAK,975.0,1369.0
1292,751,2018-07-12,PEAK,275.0,381.0
1293,751,2018-07-12,OFF_PEAK,763.0,1122.0
1294,749,2018-07-12,OFF_PEAK,1224.0,1701.0
1295,749,2018-07-12,PEAK,489.0,635.0
1296,1,2018-07-12,PEAK,291.0,421.0
1297,1,2018-07-12,OFF_PEAK,868.0,1180.0
1298,43,2018-07-12,PEAK,59.0,129.0
1299,43,2018-07-12,OFF_PEAK,189.0,326.0
1300,43,2018-07-13,PEAK,41.0,115.0
1301,43,2018-07-13,OFF_PEAK,172.0,356.0
1302,1,2018-07-13,OFF_PEAK,826.0,1148.0
1303,749,2018-07-13,OFF_PEAK,1101.0,1556.0
1304,749,2018-07-13,PEAK,377.0,524.0
1305,751,2018-07-13,PEAK,245.0,354.0
1306,1,2018-07-13,PEAK,299.0,449.0
1307,751,2018-07-13,OFF_PEAK,794.0,1150.0
1308,751,2018-07-14,OFF_PEAK,920.0,1243.0
1309,1,2018-07-14,OFF_PEAK,1201.0,1575.0
1310,43,2018-07-14,OFF_PEAK,229.0,475.0
1311,749,2018-07-14,OFF_PEAK,1762.0,2486.0
1312,43,2018-07-15,OFF_PEAK,259.0,409.0
1313,1,2018-07-15,OFF_PEAK,900.0,1188.0
1314,749,2018-07-15,OFF_PEAK,2175.0,2717.0
1315,751,2018-07-15,OFF_PEAK,1108.0,1413.0
1316,751,2018-07-16,OFF_PEAK,825.0,1095.0
1317,749,2018-07-16,OFF_PEAK,1418.0,1830.0
1318,1,2018-07-16,PEAK,325.0,413.0
1319,751,2018-07-16,PEAK,349.0,454.0
1320,43,2018-07-16,PEAK,73.0,131.0
1321,43,2018-07-16,OFF_PEAK,227.0,356.0
1322,749,2018-07-16,PEAK,540.0,675.0
1323,1,2018-07-16,OFF_PEAK,942.0,1254.0
1324,1,2018-07-17,PEAK,344.0,459.0
1325,43,2018-07-17,OFF_PEAK,223.0,337.0
1326,43,2018-07-17,PEAK,60.0,131.0
1327,1,2018-07-17,OFF_PEAK,812.0,1147.0
1328,749,2018-07-17,OFF_PEAK,1523.0,2088.0
1329,749,2018-07-17,PEAK,603.0,802.0
1330,751,2018-07-17,OFF_PEAK,1007.0,1305.0
1331,751,2018-07-17,PEAK,331.0,476.0
1332,43,2018-07-18,OFF_PEAK,200.0,336.0
1333,43,2018-07-18,PEAK,42.0,108.0
1334,1,2018-07-18,OFF_PEAK,922.0,1260.0
1335,751,2018-07-18,PEAK,284.0,404.0
1336,749,2018-07-18,PEAK,465.0,643.0
1337,751,2018-07-18,OFF_PEAK,890.0,1138.0
1338,749,2018-07-18,OFF_PEAK,1453.0,1940.0
1339,1,2018-07-18,PEAK,328.0,460.0
1340,751,2018-07-19,OFF_PEAK,1013.0,1274.0
1341,751,2018-07-19,PEAK,365.0,481.0
1342,749,2018-07-19,OFF_PEAK,1375.0,1792.0
1343,749,2018-07-19,PEAK,499.0,663.0
1344,1,2018-07-19,OFF_PEAK,894.0,1280.0
1345,1,2018-07-19,PEAK,328.0,471.0
1346,43,2018-07-19,PEAK,64.0,131.0
1347,43,2018-07-19,OFF_PEAK,211.0,359.0
1348,43,2018-07-20,PEAK,44.0,103.0
1349,43,2018-07-20,OFF_PEAK,110.0,247.0
1350,1,2018-07-20,PEAK,362.0,476.0
1351,751,2018-07-20,PEAK,327.0,428.0
1352,749,2018-07-20,OFF_PEAK,1506.0,2038.0
1353,749,2018-07-20,PEAK,496.0,611.0
1354,751,2018-07-20,OFF_PEAK,889.0,1140.0
1355,1,2018-07-20,OFF_PEAK,831.0,1192.0
1356,751,2018-07-21,OFF_PEAK,1090.0,1455.0
1357,749,2018-07-21,OFF_PEAK,2034.0,2749.0
1358,1,2018-07-21,OFF_PEAK,1093.0,1497.0
1359,43,2018-07-21,OFF_PEAK,201.0,471.0
1360,43,2018-07-22,OFF_PEAK,255.0,413.0
1361,749,2018-07-22,OFF_PEAK,2012.0,2577.0
1362,1,2018-07-22,OFF_PEAK,925.0,1160.0
1363,751,2018-07-22,OFF_PEAK,1118.0,1378.0
1364,751,2018-07-23,PEAK,356.0,457.0
1365,751,2018-07-23,OFF_PEAK,965.0,1283.0
1366,749,2018-07-23,PEAK,646.0,844.0
1367,749,2018-07-23,OFF_PEAK,1717.0,2192.0
1368,1,2018-07-23,OFF_PEAK,880.0,1172.0
1369,1,2018-07-23,PEAK,364.0,499.0
1370,43,2018-07-23,OFF_PEAK,235.0,355.0
1371,43,2018-07-23,PEAK,94.0,131.0
1372,749,2018-07-24,PEAK,640.0,799.0
1373,43,2018-07-24,PEAK,69.0,127.0
1374,749,2018-07-24,OFF_PEAK,1645.0,2221.0
1375,751,2018-07-24,OFF_PEAK,924.0,1260.0
1376,751,2018-07-24,PEAK,295.0,381.0
1377,43,2018-07-24,OFF_PEAK,255.0,356.0
1378,1,2018-07-24,PEAK,335.0,486.0
1379,1,2018-07-24,OFF_PEAK,903.0,1217.0
1380,1,2018-07-25,PEAK,363.0,543.0
1381,751,2018-07-25,OFF_PEAK,1039.0,1273.0
1382,751,2018-07-25,PEAK,386.0,481.0
1383,749,2018-07-25,OFF_PEAK,1682.0,2266.0
1384,749,2018-07-25,PEAK,666.0,852.0
1385,1,2018-07-25,OFF_PEAK,996.0,1364.0
1386,43,2018-07-25,PEAK,73.0,131.0
1387,43,2018-07-25,OFF_PEAK,220.0,352.0
1388,43,2018-07-26,PEAK,63.0,113.0
1389,43,2018-07-26,OFF_PEAK,211.0,357.0
1390,751,2018-07-26,PEAK,326.0,480.0
1391,749,2018-07-26,OFF_PEAK,1659.0,2154.0
1392,749,2018-07-26,PEAK,585.0,826.0
1393,1,2018-07-26,OFF_PEAK,773.0,1192.0
1394,1,2018-07-26,PEAK,336.0,486.0
1395,751,2018-07-26,OFF_PEAK,1029.0,1347.0
1396,751,2018-07-27,PEAK,317.0,441.0
1397,749,2018-07-27,OFF_PEAK,1388.0,2031.0
1398,749,2018-07-27,PEAK,582.0,778.0
1399,1,2018-07-27,OFF_PEAK,800.0,1245.0
1400,1,2018-07-27,PEAK,310.0,447.0
1401,751,2018-07-27,OFF_PEAK,984.0,1277.0
1402,43,2018-07-27,PEAK,69.0,111.0
1403,43,2018-07-27,OFF_PEAK,194.0,354.0
1404,751,2018-07-28,OFF_PEAK,886.0,1218.0
1405,1,2018-07-28,OFF_PEAK,1098.0,1458.0
1406,43,2018-07-28,OFF_PEAK,289.0,495.0
1407,749,2018-07-28,OFF_PEAK,1986.0,2688.0
1408,751,2018-07-29,OFF_PEAK,1004.0,1471.0
1409,749,2018-07-29,OFF_PEAK,1444.0,1998.0
1410,1,2018-07-29,OFF_PEAK,791.0,1040.0
1411,43,2018-07-29,OFF_PEAK,152.0,359.0
1412,749,2018-07-30,PEAK,613.0,797.0
1413,751,2018-07-30,PEAK,347.0,478.0
1414,751,2018-07-30,OFF_PEAK,1073.0,1340.0
1415,749,2018-07-30,OFF_PEAK,1694.0,2168.0
1416,1,2018-07-30,OFF_PEAK,835.0,1205.0
1417,1,2018-07-30,PEAK,342.0,501.0
1418,43,2018-07-30,OFF_PEAK,217.0,356.0
1419,43,2018-07-30,PEAK,74.0,123.0
1420,1,2018-07-31,OFF_PEAK,861.0,1149.0
1421,751,2018-07-31,PEAK,383.0,497.0
1422,751,2018-07-31,OFF_PEAK,1097.0,1389.0
1423,749,2018-07-31,PEAK,682.0,847.0
1424,43,2018-07-31,OFF_PEAK,210.0,321.0
1425,43,2018-07-31,PEAK,58.0,124.0
1426,1,2018-07-31,PEAK,305.0,464.0
1427,749,2018-07-31,OFF_PEAK,1649.0,2213.0
1428,751,2018-08-01,PEAK,357.0,498.0
1429,751,2018-08-01,OFF_PEAK,1021.0,1353.0
1430,749,2018-08-01,PEAK,657.0,845.0
1431,1,2018-08-01,OFF_PEAK,859.0,1209.0
1432,1,2018-08-01,PEAK,264.0,390.0
1433,43,2018-08-01,OFF_PEAK,158.0,334.0
1434,43,2018-08-01,PEAK,84.0,131.0
1435,749,2018-08-01,OFF_PEAK,1676.0,2291.0
1436,751,2018-08-02,OFF_PEAK,861.0,1115.0
1437,751,2018-08-02,PEAK,380.0,482.0
1438,749,2018-08-02,OFF_PEAK,1353.0,1802.0
1439,749,2018-08-02,PEAK,644.0,780.0
1440,1,2018-08-02,PEAK,253.0,370.0
1441,1,2018-08-02,OFF_PEAK,750.0,1106.0
1442,43,2018-08-02,OFF_PEAK,211.0,355.0
1443,43,2018-08-02,PEAK,60.0,130.0
1444,751,2018-08-03,PEAK,347.0,463.0
1445,751,2018-08-03,OFF_PEAK,829.0,1184.0
1446,749,2018-08-03,PEAK,557.0,759.0
1447,749,2018-08-03,OFF_PEAK,1684.0,2140.0
1448,1,2018-08-03,OFF_PEAK,840.0,1240.0
1449,1,2018-08-03,PEAK,321.0,457.0
1450,43,2018-08-03,OFF_PEAK,182.0,358.0
1451,43,2018-08-03,PEAK,85.0,130.0
1452,751,2018-08-04,OFF_PEAK,1231.0,1640.0
1453,43,2018-08-04,OFF_PEAK,252.0,487.0
1454,749,2018-08-04,OFF_PEAK,2111.0,2840.0
1455,1,2018-08-04,OFF_PEAK,1326.0,1800.0
1456,751,2018-08-05,OFF_PEAK,969.0,1302.0
1457,749,2018-08-05,OFF_PEAK,1851.0,2551.0
1458,1,2018-08-05,OFF_PEAK,818.0,1021.0
1459,43,2018-08-05,OFF_PEAK,238.0,387.0
1460,43,2018-08-06,PEAK,92.0,130.0
1461,1,2018-08-06,PEAK,319.0,438.0
1462,1,2018-08-06,OFF_PEAK,1002.0,1360.0
1463,43,2018-08-06,OFF_PEAK,255.0,357.0
1464,749,2018-08-06,PEAK,623.0,835.0
1465,751,2018-08-06,PEAK,307.0,413.0
1466,751,2018-08-06,OFF_PEAK,1008.0,1291.0
1467,749,2018-08-06,OFF_PEAK,1481.0,2026.0
1468,751,2018-08-07,PEAK,356.0,486.0
1469,751,2018-08-07,OFF_PEAK,921.0,1136.0
1470,749,2018-08-07,OFF_PEAK,1525.0,2179.0
1471,749,2018-08-07,PEAK,622.0,786.0
1472,1,2018-08-07,OFF_PEAK,917.0,1253.0
1473,1,2018-08-07,PEAK,277.0,418.0
1474,43,2018-08-07,OFF_PEAK,234.0,357.0
1475,43,2018-08-07,PEAK,66.0,130.0
1476,1,2018-08-08,PEAK,357.0,524.0
1477,43,2018-08-08,PEAK,77.0,130.0
1478,43,2018-08-08,OFF_PEAK,234.0,359.0
1479,749,2018-08-08,OFF_PEAK,1628.0,2199.0
1480,749,2018-08-08,PEAK,656.0,824.0
1481,1,2018-08-08,OFF_PEAK,896.0,1226.0
1482,751,2018-08-08,OFF_PEAK,1022.0,1320.0
1483,751,2018-08-08,PEAK,370.0,501.0
1484,43,2018-08-09,PEAK,80.0,124.0
1485,43,2018-08-09,OFF_PEAK,209.0,358.0
1486,1,2018-08-09,OFF_PEAK,904.0,1232.0
1487,751,2018-08-09,OFF_PEAK,998.0,1308.0
1488,749,2018-08-09,PEAK,644.0,804.0
1489,749,2018-08-09,OFF_PEAK,1635.0,2079.0
1490,751,2018-08-09,PEAK,367.0,496.0
1491,1,2018-08-09,PEAK,347.0,494.0
1492,43,2018-08-10,PEAK,81.0,118.0
1493,43,2018-08-10,OFF_PEAK,218.0,350.0
1494,1,2018-08-10,PEAK,327.0,451.0
1495,1,2018-08-10,OFF_PEAK,856.0,1256.0
1496,749,2018-08-10,OFF_PEAK,1483.0,2063.0
1497,751,2018-08-10,PEAK,366.0,458.0
1498,751,2018-08-10,OFF_PEAK,937.0,1228.0
1499,749,2018-08-10,PEAK,608.0,807.0
1500,749,2018-08-11,OFF_PEAK,2258.0,3035.0
1501,1,2018-08-11,OFF_PEAK,1029.0,1469.0
1502,43,2018-08-11,OFF_PEAK,290.0,500.0
1503,751,2018-08-11,OFF_PEAK,944.0,1257.0
1504,751,2018-08-12,OFF_PEAK,729.0,1011.0
1505,749,2018-08-12,OFF_PEAK,1918.0,2489.0
1506,1,2018-08-12,OFF_PEAK,878.0,1077.0
1507,43,2018-08-12,OFF_PEAK,215.0,419.0
1508,1,2018-08-13,PEAK,393.0,529.0
1509,43,2018-08-13,PEAK,97.0,131.0
1510,43,2018-08-13,OFF_PEAK,270.0,359.0
1511,749,2018-08-13,OFF_PEAK,1923.0,2391.0
1512,749,2018-08-13,PEAK,657.0,847.0
1513,751,2018-08-13,OFF_PEAK,862.0,1053.0
1514,751,2018-08-13,PEAK,364.0,474.0
1515,1,2018-08-13,OFF_PEAK,1008.0,1353.0
1516,751,2018-08-14,PEAK,360.0,495.0
1517,751,2018-08-14,OFF_PEAK,1071.0,1335.0
1518,749,2018-08-14,OFF_PEAK,1624.0,2093.0
1519,749,2018-08-14,PEAK,617.0,810.0
1520,1,2018-08-14,OFF_PEAK,917.0,1200.0
1521,1,2018-08-14,PEAK,367.0,484.0
1522,43,2018-08-14,OFF_PEAK,220.0,358.0
1523,43,2018-08-14,PEAK,85.0,130.0
1524,43,2018-08-15,PEAK,72.0,105.0
1525,43,2018-08-15,OFF_PEAK,246.0,338.0
1526,1,2018-08-15,PEAK,362.0,479.0
1527,749,2018-08-15,OFF_PEAK,1383.0,1870.0
1528,749,2018-08-15,PEAK,543.0,684.0
1529,751,2018-08-15,PEAK,355.0,499.0
1530,751,2018-08-15,OFF_PEAK,1044.0,1390.0
1531,1,2018-08-15,OFF_PEAK,983.0,1362.0
1532,751,2018-08-16,PEAK,344.0,475.0
1533,749,2018-08-16,OFF_PEAK,1366.0,1767.0
1534,749,2018-08-16,PEAK,650.0,828.0
1535,1,2018-08-16,OFF_PEAK,989.0,1354.0
1536,1,2018-08-16,PEAK,394.0,516.0
1537,43,2018-08-16,OFF_PEAK,250.0,347.0
1538,43,2018-08-16,PEAK,58.0,131.0
1539,751,2018-08-16,OFF_PEAK,994.0,1311.0
1540,43,2018-08-17,PEAK,88.0,131.0
1541,751,2018-08-17,OFF_PEAK,860.0,1204.0
1542,751,2018-08-17,PEAK,332.0,407.0
1543,749,2018-08-17,OFF_PEAK,1755.0,2245.0
1544,1,2018-08-17,OFF_PEAK,948.0,1328.0
1545,749,2018-08-17,PEAK,571.0,757.0
1546,1,2018-08-17,PEAK,385.0,512.0
1547,43,2018-08-17,OFF_PEAK,237.0,354.0
1548,751,2018-08-18,OFF_PEAK,1011.0,1404.0
1549,749,2018-08-18,OFF_PEAK,2148.0,2959.0
1550,43,2018-08-18,OFF_PEAK,244.0,491.0
1551,1,2018-08-18,OFF_PEAK,1364.0,1729.0
1552,751,2018-08-19,OFF_PEAK,933.0,1267.0
1553,749,2018-08-19,OFF_PEAK,1808.0,2486.0
1554,1,2018-08-19,OFF_PEAK,892.0,1176.0
1555,43,2018-08-19,OFF_PEAK,193.0,403.0
1556,43,2018-08-20,PEAK,80.0,129.0
1557,1,2018-08-20,PEAK,377.0,492.0
1558,43,2018-08-20,OFF_PEAK,259.0,359.0
1559,749,2018-08-20,OFF_PEAK,1803.0,2292.0
1560,751,2018-08-20,PEAK,367.0,442.0
1561,751,2018-08-20,OFF_PEAK,936.0,1150.0
1562,749,2018-08-20,PEAK,610.0,792.0
1563,1,2018-08-20,OFF_PEAK,1002.0,1374.0
1564,751,2018-08-21,OFF_PEAK,944.0,1143.0
1565,751,2018-08-21,PEAK,368.0,501.0
1566,749,2018-08-21,OFF_PEAK,1737.0,2275.0
1567,749,2018-08-21,PEAK,687.0,859.0
1568,1,2018-08-21,OFF_PEAK,947.0,1306.0
1569,1,2018-08-21,PEAK,362.0,502.0
1570,43,2018-08-21,OFF_PEAK,245.0,357.0
1571,43,2018-08-21,PEAK,89.0,130.0
1572,43,2018-08-22,OFF_PEAK,196.0,348.0
1573,43,2018-08-22,PEAK,60.0,131.0
1574,1,2018-08-22,PEAK,417.0,559.0
1575,1,2018-08-22,OFF_PEAK,1040.0,1339.0
1576,751,2018-08-22,OFF_PEAK,1121.0,1360.0
1577,749,2018-08-22,OFF_PEAK,1571.0,2024.0
1578,749,2018-08-22,PEAK,630.0,827.0
1579,751,2018-08-22,PEAK,365.0,501.0
1580,751,2018-08-23,OFF_PEAK,1063.0,1368.0
1581,751,2018-08-23,PEAK,379.0,501.0
1582,749,2018-08-23,OFF_PEAK,1679.0,2221.0
1583,749,2018-08-23,PEAK,649.0,831.0
1584,1,2018-08-23,PEAK,340.0,452.0
1585,1,2018-08-23,OFF_PEAK,929.0,1315.0
1586,43,2018-08-23,OFF_PEAK,199.0,358.0
1587,43,2018-08-23,PEAK,73.0,131.0
1588,43,2018-08-24,OFF_PEAK,188.0,358.0
1589,43,2018-08-24,PEAK,67.0,121.0
1590,1,2018-08-24,OFF_PEAK,895.0,1246.0
1591,749,2018-08-24,OFF_PEAK,1542.0,2102.0
1592,751,2018-08-24,PEAK,379.0,459.0
1593,751,2018-08-24,OFF_PEAK,909.0,1192.0
1594,749,2018-08-24,PEAK,563.0,721.0
1595,1,2018-08-24,PEAK,330.0,432.0
1596,751,2018-08-25,OFF_PEAK,845.0,1210.0
1597,749,2018-08-25,OFF_PEAK,1027.0,1241.0
1598,1,2018-08-25,OFF_PEAK,951.0,1304.0
1599,43,2018-08-25,OFF_PEAK,140.0,405.0
1600,751,2018-08-26,OFF_PEAK,886.0,1224.0
1601,749,2018-08-26,OFF_PEAK,1465.0,1939.0
1602,1,2018-08-26,OFF_PEAK,863.0,1118.0
1603,43,2018-08-26,OFF_PEAK,196.0,417.0
1604,1,2018-08-27,PEAK,389.0,513.0
1605,43,2018-08-27,PEAK,90.0,131.0
1606,43,2018-08-27,OFF_PEAK,242.0,343.0
1607,749,2018-08-27,OFF_PEAK,1573.0,2133.0
1608,749,2018-08-27,PEAK,559.0,738.0
1609,751,2018-08-27,PEAK,377.0,473.0
1610,751,2018-08-27,OFF_PEAK,844.0,1095.0
1611,1,2018-08-27,OFF_PEAK,982.0,1338.0
1612,43,2018-08-28,OFF_PEAK,214.0,358.0
1613,1,2018-08-28,PEAK,330.0,451.0
1614,1,2018-08-28,OFF_PEAK,925.0,1249.0
1615,43,2018-08-28,PEAK,87.0,131.0
1616,749,2018-08-28,PEAK,700.0,851.0
1617,751,2018-08-28,OFF_PEAK,1075.0,1355.0
1618,751,2018-08-28,PEAK,336.0,418.0
1619,749,2018-08-28,OFF_PEAK,1866.0,2395.0
1620,751,2018-08-29,PEAK,385.0,476.0
1621,751,2018-08-29,OFF_PEAK,1029.0,1312.0
1622,749,2018-08-29,PEAK,705.0,846.0
1623,749,2018-08-29,OFF_PEAK,1765.0,2320.0
1624,1,2018-08-29,OFF_PEAK,873.0,1266.0
1625,1,2018-08-29,PEAK,373.0,531.0
1626,43,2018-08-29,OFF_PEAK,255.0,357.0
1627,43,2018-08-29,PEAK,81.0,121.0
1628,751,2018-08-30,OFF_PEAK,1053.0,1370.0
1629,751,2018-08-30,PEAK,401.0,498.0
1630,749,2018-08-30,OFF_PEAK,1753.0,2364.0
1631,1,2018-08-30,OFF_PEAK,955.0,1359.0
1632,1,2018-08-30,PEAK,362.0,509.0
1633,43,2018-08-30,OFF_PEAK,152.0,326.0
1634,43,2018-08-30,PEAK,47.0,100.0
1635,749,2018-08-30,PEAK,692.0,848.0
1636,749,2018-08-31,PEAK,643.0,777.0
1637,749,2018-08-31,OFF_PEAK,1511.0,2019.0
1638,1,2018-08-31,OFF_PEAK,845.0,1233.0
1639,1,2018-08-31,PEAK,306.0,400.0
1640,43,2018-08-31,PEAK,73.0,119.0
1641,43,2018-08-31,OFF_PEAK,159.0,348.0
1642,751,2018-08-31,OFF_PEAK,800.0,1103.0
1643,751,2018-08-31,PEAK,361.0,435.0
1644,43,2018-09-01,OFF_PEAK,191.0,499.0
1645,1,2018-09-01,OFF_PEAK,860.0,1245.0
1646,749,2018-09-01,OFF_PEAK,1724.0,2314.0
1647,751,2018-09-01,OFF_PEAK,740.0,1268.0
1648,749,2018-09-02,OFF_PEAK,2076.0,2877.0
1649,751,2018-09-02,OFF_PEAK,1099.0,1554.0
1650,43,2018-09-02,OFF_PEAK,187.0,416.0
1651,1,2018-09-02,OFF_PEAK,750.0,1041.0
1652,751,2018-09-03,OFF_PEAK,960.0,1155.0
1653,751,2018-09-03,PEAK,318.0,408.0
1654,749,2018-09-03,OFF_PEAK,1549.0,2240.0
1655,749,2018-09-03,PEAK,545.0,720.0
1656,1,2018-09-03,OFF_PEAK,586.0,879.0
1657,1,2018-09-03,PEAK,198.0,256.0
1658,43,2018-09-03,PEAK,42.0,84.0
1659,43,2018-09-03,OFF_PEAK,178.0,306.0
1660,749,2018-09-04,PEAK,673.0,839.0
1661,1,2018-09-04,OFF_PEAK,861.0,1297.0
1662,1,2018-09-04,PEAK,271.0,393.0
1663,43,2018-09-04,PEAK,77.0,126.0
1664,43,2018-09-04,OFF_PEAK,230.0,356.0
1665,751,2018-09-04,PEAK,388.0,501.0
1666,749,2018-09-04,OFF_PEAK,1806.0,2303.0
1667,751,2018-09-04,OFF_PEAK,1076.0,1396.0
1668,1,2018-09-05,OFF_PEAK,791.0,1139.0
1669,43,2018-09-05,PEAK,59.0,112.0
1670,1,2018-09-05,PEAK,287.0,414.0
1671,749,2018-09-05,PEAK,625.0,835.0
1672,749,2018-09-05,OFF_PEAK,1680.0,2303.0
1673,751,2018-09-05,PEAK,382.0,478.0
1674,43,2018-09-05,OFF_PEAK,174.0,356.0
1675,751,2018-09-05,OFF_PEAK,1082.0,1367.0
1676,749,2018-09-06,OFF_PEAK,1570.0,2216.0
1677,751,2018-09-06,OFF_PEAK,1021.0,1276.0
1678,751,2018-09-06,PEAK,345.0,499.0
1679,749,2018-09-06,PEAK,576.0,821.0
1680,1,2018-09-06,PEAK,276.0,403.0
1681,1,2018-09-06,OFF_PEAK,859.0,1157.0
1682,43,2018-09-06,PEAK,62.0,122.0
1683,43,2018-09-06,OFF_PEAK,219.0,353.0
1684,749,2018-09-07,OFF_PEAK,1703.0,2252.0
1685,751,2018-09-07,PEAK,393.0,501.0
1686,751,2018-09-07,OFF_PEAK,1000.0,1341.0
1687,749,2018-09-07,PEAK,604.0,802.0
1688,1,2018-09-07,OFF_PEAK,895.0,1308.0
1689,1,2018-09-07,PEAK,310.0,427.0
1690,43,2018-09-07,OFF_PEAK,147.0,315.0
1691,43,2018-09-07,PEAK,59.0,95.0
1692,1,2018-09-08,OFF_PEAK,1255.0,1725.0
1693,43,2018-09-08,OFF_PEAK,236.0,515.0
1694,751,2018-09-08,OFF_PEAK,1087.0,1532.0
1695,749,2018-09-08,OFF_PEAK,2353.0,3242.0
1696,751,2018-09-09,OFF_PEAK,1131.0,1508.0
1697,749,2018-09-09,OFF_PEAK,2133.0,2939.0
1698,1,2018-09-09,OFF_PEAK,580.0,834.0
1699,43,2018-09-09,OFF_PEAK,245.0,417.0
1700,43,2018-09-10,PEAK,78.0,131.0
1701,1,2018-09-10,PEAK,375.0,515.0
1702,1,2018-09-10,OFF_PEAK,998.0,1383.0
1703,749,2018-09-10,PEAK,639.0,849.0
1704,749,2018-09-10,OFF_PEAK,1712.0,2281.0
1705,751,2018-09-10,OFF_PEAK,1115.0,1371.0
1706,43,2018-09-10,OFF_PEAK,212.0,356.0
1707,751,2018-09-10,PEAK,362.0,501.0
1708,43,2018-09-11,OFF_PEAK,210.0,350.0
1709,1,2018-09-11,PEAK,339.0,454.0
1710,1,2018-09-11,OFF_PEAK,935.0,1263.0
1711,749,2018-09-11,OFF_PEAK,1559.0,2050.0
1712,749,2018-09-11,PEAK,561.0,753.0
1713,751,2018-09-11,PEAK,382.0,484.0
1714,751,2018-09-11,OFF_PEAK,1010.0,1297.0
1715,43,2018-09-11,PEAK,49.0,131.0
1716,749,2018-09-12,PEAK,600.0,811.0
1717,751,2018-09-12,OFF_PEAK,1127.0,1381.0
1718,751,2018-09-12,PEAK,331.0,458.0
1719,749,2018-09-12,OFF_PEAK,1607.0,2233.0
1720,1,2018-09-12,OFF_PEAK,845.0,1228.0
1721,1,2018-09-12,PEAK,301.0,413.0
1722,43,2018-09-12,PEAK,54.0,130.0
1723,43,2018-09-12,OFF_PEAK,170.0,344.0
1724,1,2018-09-13,OFF_PEAK,956.0,1308.0
1725,1,2018-09-13,PEAK,286.0,413.0
1726,43,2018-09-13,PEAK,41.0,131.0
1727,43,2018-09-13,OFF_PEAK,216.0,355.0
1728,749,2018-09-13,PEAK,616.0,738.0
1729,751,2018-09-13,PEAK,361.0,497.0
1730,751,2018-09-13,OFF_PEAK,1052.0,1336.0
1731,749,2018-09-13,OFF_PEAK,1700.0,2224.0
1732,1,2018-09-14,PEAK,316.0,454.0
1733,43,2018-09-14,PEAK,41.0,122.0
1734,43,2018-09-14,OFF_PEAK,131.0,349.0
1735,1,2018-09-14,OFF_PEAK,976.0,1368.0
1736,749,2018-09-14,PEAK,534.0,725.0
1737,749,2018-09-14,OFF_PEAK,1426.0,1969.0
1738,751,2018-09-14,PEAK,294.0,403.0
1739,751,2018-09-14,OFF_PEAK,863.0,1162.0
1740,751,2018-09-15,OFF_PEAK,994.0,1363.0
1741,43,2018-09-15,OFF_PEAK,130.0,481.0
1742,749,2018-09-15,OFF_PEAK,1987.0,2608.0
1743,1,2018-09-15,OFF_PEAK,1153.0,1561.0
1744,751,2018-09-16,OFF_PEAK,1072.0,1573.0
1745,749,2018-09-16,OFF_PEAK,1880.0,2700.0
1746,1,2018-09-16,OFF_PEAK,787.0,1079.0
1747,43,2018-09-16,OFF_PEAK,135.0,376.0
1748,1,2018-09-17,OFF_PEAK,1016.0,1356.0
1749,751,2018-09-17,OFF_PEAK,1057.0,1335.0
1750,751,2018-09-17,PEAK,371.0,479.0
1751,749,2018-09-17,OFF_PEAK,1884.0,2320.0
1752,749,2018-09-17,PEAK,616.0,820.0
1753,1,2018-09-17,PEAK,348.0,462.0
1754,43,2018-09-17,PEAK,51.0,131.0
1755,43,2018-09-17,OFF_PEAK,181.0,337.0
1756,749,2018-09-18,PEAK,646.0,843.0
1757,749,2018-09-18,OFF_PEAK,1739.0,2203.0
1758,1,2018-09-18,OFF_PEAK,980.0,1268.0
1759,1,2018-09-18,PEAK,304.0,399.0
1760,43,2018-09-18,PEAK,57.0,120.0
1761,43,2018-09-18,OFF_PEAK,223.0,358.0
1762,751,2018-09-18,PEAK,346.0,458.0
1763,751,2018-09-18,OFF_PEAK,1027.0,1290.0
1764,749,2018-09-19,OFF_PEAK,1745.0,2255.0
1765,43,2018-09-19,PEAK,66.0,121.0
1766,43,2018-09-19,OFF_PEAK,250.0,355.0
1767,1,2018-09-19,PEAK,401.0,539.0
1768,1,2018-09-19,OFF_PEAK,1008.0,1372.0
1769,749,2018-09-19,PEAK,634.0,828.0
1770,751,2018-09-19,PEAK,351.0,442.0
1771,751,2018-09-19,OFF_PEAK,1078.0,1310.0
1772,749,2018-09-20,PEAK,616.0,833.0
1773,749,2018-09-20,OFF_PEAK,1579.0,2014.0
1774,1,2018-09-20,OFF_PEAK,913.0,1258.0
1775,1,2018-09-20,PEAK,280.0,413.0
1776,43,2018-09-20,PEAK,47.0,120.0
1777,43,2018-09-20,OFF_PEAK,158.0,357.0
1778,751,2018-09-20,OFF_PEAK,1031.0,1365.0
1779,751,2018-09-20,PEAK,319.0,447.0
1780,43,2018-09-21,PEAK,26.0,123.0
1781,749,2018-09-21,PEAK,591.0,751.0
1782,751,2018-09-21,OFF_PEAK,848.0,1204.0
1783,751,2018-09-21,PEAK,246.0,383.0
1784,1,2018-09-21,OFF_PEAK,990.0,1329.0
1785,749,2018-09-21,OFF_PEAK,1537.0,2221.0
1786,43,2018-09-21,OFF_PEAK,149.0,355.0
1787,1,2018-09-21,PEAK,319.0,475.0
1788,751,2018-09-22,OFF_PEAK,790.0,1132.0
1789,749,2018-09-22,OFF_PEAK,2129.0,2947.0
1790,1,2018-09-22,OFF_PEAK,1308.0,1782.0
1791,43,2018-09-22,OFF_PEAK,160.0,500.0
1792,751,2018-09-23,OFF_PEAK,1222.0,1595.0
1793,749,2018-09-23,OFF_PEAK,2155.0,2965.0
1794,1,2018-09-23,OFF_PEAK,799.0,1054.0
1795,43,2018-09-23,OFF_PEAK,213.0,414.0
1796,751,2018-09-24,OFF_PEAK,1035.0,1391.0
1797,751,2018-09-24,PEAK,352.0,489.0
1798,749,2018-09-24,PEAK,593.0,839.0
1799,1,2018-09-24,OFF_PEAK,1017.0,1409.0
1800,43,2018-09-24,PEAK,45.0,106.0
1801,43,2018-09-24,OFF_PEAK,207.0,357.0
1802,749,2018-09-24,OFF_PEAK,1799.0,2299.0
1803,1,2018-09-24,PEAK,392.0,555.0
1804,751,2018-09-25,PEAK,294.0,431.0
1805,751,2018-09-25,OFF_PEAK,938.0,1213.0
1806,749,2018-09-25,PEAK,552.0,789.0
1807,749,2018-09-25,OFF_PEAK,1570.0,2083.0
1808,1,2018-09-25,OFF_PEAK,932.0,1370.0
1809,1,2018-09-25,PEAK,347.0,507.0
1810,43,2018-09-25,PEAK,44.0,122.0
1811,43,2018-09-25,OFF_PEAK,222.0,339.0
1812,1,2018-09-26,OFF_PEAK,974.0,1344.0
1813,751,2018-09-26,PEAK,349.0,476.0
1814,751,2018-09-26,OFF_PEAK,1131.0,1371.0
1815,749,2018-09-26,OFF_PEAK,1686.0,2334.0
1816,1,2018-09-26,PEAK,362.0,545.0
1817,749,2018-09-26,PEAK,631.0,840.0
1818,43,2018-09-26,OFF_PEAK,172.0,351.0
1819,43,2018-09-26,PEAK,68.0,119.0
1820,751,2018-09-27,PEAK,358.0,497.0
1821,749,2018-09-27,OFF_PEAK,1579.0,2086.0
1822,749,2018-09-27,PEAK,618.0,808.0
1823,1,2018-09-27,PEAK,390.0,534.0
1824,1,2018-09-27,OFF_PEAK,1015.0,1393.0
1825,43,2018-09-27,OFF_PEAK,170.0,358.0
1826,43,2018-09-27,PEAK,40.0,131.0
1827,751,2018-09-27,OFF_PEAK,1064.0,1361.0
1828,43,2018-09-28,PEAK,44.0,124.0
1829,43,2018-09-28,OFF_PEAK,160.0,308.0
1830,1,2018-09-28,OFF_PEAK,965.0,1324.0
1831,749,2018-09-28,PEAK,554.0,686.0
1832,749,2018-09-28,OFF_PEAK,1644.0,2115.0
1833,751,2018-09-28,PEAK,311.0,429.0
1834,751,2018-09-28,OFF_PEAK,917.0,1255.0
1835,1,2018-09-28,PEAK,373.0,502.0
1836,751,2018-09-29,OFF_PEAK,1030.0,1391.0
1837,749,2018-09-29,OFF_PEAK,2310.0,3152.0
1838,1,2018-09-29,OFF_PEAK,1274.0,1752.0
1839,43,2018-09-29,OFF_PEAK,153.0,495.0
1840,43,2018-09-30,OFF_PEAK,197.0,416.0
1841,751,2018-09-30,OFF_PEAK,1226.0,1590.0
1842,749,2018-09-30,OFF_PEAK,2128.0,3061.0
1843,1,2018-09-30,OFF_PEAK,833.0,1134.0
1844,1,2018-10-01,OFF_PEAK,967.0,1347.0
1845,749,2018-10-01,OFF_PEAK,1718.0,2235.0
1846,749,2018-10-01,PEAK,573.0,848.0
1847,751,2018-10-01,OFF_PEAK,1094.0,1335.0
1848,751,2018-10-01,PEAK,319.0,481.0
1849,43,2018-10-01,OFF_PEAK,191.0,343.0
1850,43,2018-10-01,PEAK,57.0,131.0
1851,1,2018-10-01,PEAK,346.0,521.0
1852,749,2018-10-02,OFF_PEAK,1835.0,2312.0
1853,749,2018-10-02,PEAK,616.0,843.0
1854,1,2018-10-02,OFF_PEAK,945.0,1301.0
1855,1,2018-10-02,PEAK,323.0,477.0
1856,43,2018-10-02,OFF_PEAK,199.0,349.0
1857,751,2018-10-02,OFF_PEAK,990.0,1350.0
1858,751,2018-10-02,PEAK,344.0,494.0
1859,43,2018-10-02,PEAK,21.0,121.0
1860,749,2018-10-03,OFF_PEAK,1648.0,2294.0
1861,43,2018-10-03,OFF_PEAK,180.0,343.0
1862,43,2018-10-03,PEAK,43.0,125.0
1863,751,2018-10-03,OFF_PEAK,1097.0,1346.0
1864,751,2018-10-03,PEAK,366.0,492.0
1865,749,2018-10-03,PEAK,584.0,785.0
1866,1,2018-10-03,PEAK,366.0,527.0
1867,1,2018-10-03,OFF_PEAK,999.0,1397.0
1868,1,2018-10-04,OFF_PEAK,1035.0,1389.0
1869,749,2018-10-04,OFF_PEAK,1731.0,2386.0
1870,749,2018-10-04,PEAK,553.0,772.0
1871,751,2018-10-04,OFF_PEAK,983.0,1216.0
1872,751,2018-10-04,PEAK,354.0,499.0
1873,43,2018-10-04,PEAK,36.0,127.0
1874,1,2018-10-04,PEAK,375.0,533.0
1875,43,2018-10-04,OFF_PEAK,225.0,348.0
1876,751,2018-10-05,PEAK,367.0,495.0
1877,751,2018-10-05,OFF_PEAK,1020.0,1390.0
1878,749,2018-10-05,PEAK,625.0,846.0
1879,1,2018-10-05,OFF_PEAK,1022.0,1408.0
1880,1,2018-10-05,PEAK,380.0,528.0
1881,43,2018-10-05,PEAK,40.0,123.0
1882,43,2018-10-05,OFF_PEAK,168.0,358.0
1883,749,2018-10-05,OFF_PEAK,1728.0,2245.0
1884,1,2018-10-06,OFF_PEAK,950.0,1255.0
1885,751,2018-10-06,OFF_PEAK,1118.0,1574.0
1886,749,2018-10-06,OFF_PEAK,2336.0,3167.0
1887,43,2018-10-06,OFF_PEAK,236.0,497.0
1888,43,2018-10-07,OFF_PEAK,179.0,404.0
1889,1,2018-10-07,OFF_PEAK,854.0,1117.0
1890,749,2018-10-07,OFF_PEAK,2229.0,2997.0
1891,751,2018-10-07,OFF_PEAK,1026.0,1379.0
1892,749,2018-10-08,PEAK,662.0,802.0
1893,751,2018-10-08,OFF_PEAK,1212.0,1401.0
1894,751,2018-10-08,PEAK,440.0,501.0
1895,43,2018-10-08,PEAK,97.0,131.0
1896,1,2018-10-08,PEAK,439.0,537.0
1897,43,2018-10-08,OFF_PEAK,240.0,327.0
1898,749,2018-10-08,OFF_PEAK,1907.0,2312.0
1899,1,2018-10-08,OFF_PEAK,1002.0,1296.0
1900,1,2018-10-09,PEAK,403.0,533.0
1901,749,2018-10-09,OFF_PEAK,1713.0,2329.0
1902,749,2018-10-09,PEAK,628.0,765.0
1903,751,2018-10-09,PEAK,326.0,428.0
1904,751,2018-10-09,OFF_PEAK,1050.0,1318.0
1905,43,2018-10-09,OFF_PEAK,171.0,348.0
1906,1,2018-10-09,OFF_PEAK,1027.0,1373.0
1907,43,2018-10-09,PEAK,49.0,131.0
1908,43,2018-10-10,PEAK,52.0,98.0
1909,1,2018-10-10,PEAK,360.0,504.0
1910,1,2018-10-10,OFF_PEAK,925.0,1324.0
1911,749,2018-10-10,PEAK,638.0,854.0
1912,749,2018-10-10,OFF_PEAK,1749.0,2295.0
1913,751,2018-10-10,PEAK,349.0,497.0
1914,751,2018-10-10,OFF_PEAK,1076.0,1335.0
1915,43,2018-10-10,OFF_PEAK,168.0,344.0
1916,43,2018-10-11,PEAK,20.0,123.0
1917,751,2018-10-11,PEAK,341.0,450.0
1918,751,2018-10-11,OFF_PEAK,977.0,1295.0
1919,749,2018-10-11,PEAK,494.0,682.0
1920,749,2018-10-11,OFF_PEAK,1651.0,2131.0
1921,1,2018-10-11,OFF_PEAK,932.0,1262.0
1922,1,2018-10-11,PEAK,288.0,438.0
1923,43,2018-10-11,OFF_PEAK,172.0,354.0
1924,43,2018-10-12,PEAK,25.0,99.0
1925,43,2018-10-12,OFF_PEAK,142.0,317.0
1926,1,2018-10-12,PEAK,336.0,457.0
1927,1,2018-10-12,OFF_PEAK,923.0,1304.0
1928,749,2018-10-12,OFF_PEAK,1587.0,2169.0
1929,751,2018-10-12,OFF_PEAK,978.0,1334.0
1930,751,2018-10-12,PEAK,306.0,473.0
1931,749,2018-10-12,PEAK,559.0,722.0
1932,1,2018-10-13,OFF_PEAK,1394.0,1798.0
1933,751,2018-10-13,OFF_PEAK,1017.0,1366.0
1934,749,2018-10-13,OFF_PEAK,2398.0,3195.0
1935,43,2018-10-13,OFF_PEAK,199.0,471.0
1936,43,2018-10-14,OFF_PEAK,217.0,416.0
1937,1,2018-10-14,OFF_PEAK,823.0,1089.0
1938,749,2018-10-14,OFF_PEAK,2137.0,2906.0
1939,751,2018-10-14,OFF_PEAK,1236.0,1551.0
1940,749,2018-10-15,PEAK,625.0,858.0
1941,751,2018-10-15,OFF_PEAK,1068.0,1321.0
1942,751,2018-10-15,PEAK,362.0,499.0
1943,43,2018-10-15,PEAK,52.0,130.0
1944,1,2018-10-15,PEAK,348.0,465.0
1945,749,2018-10-15,OFF_PEAK,1882.0,2394.0
1946,43,2018-10-15,OFF_PEAK,216.0,356.0
1947,1,2018-10-15,OFF_PEAK,986.0,1327.0
1948,1,2018-10-16,OFF_PEAK,801.0,1142.0
1949,749,2018-10-16,OFF_PEAK,1808.0,2337.0
1950,749,2018-10-16,PEAK,638.0,833.0
1951,751,2018-10-16,OFF_PEAK,1110.0,1395.0
1952,751,2018-10-16,PEAK,353.0,501.0
1953,43,2018-10-16,PEAK,56.0,131.0
1954,43,2018-10-16,OFF_PEAK,173.0,354.0
1955,1,2018-10-16,PEAK,338.0,477.0
1956,751,2018-10-17,OFF_PEAK,1080.0,1316.0
1957,751,2018-10-17,PEAK,373.0,499.0
1958,749,2018-10-17,OFF_PEAK,1684.0,2224.0
1959,1,2018-10-17,OFF_PEAK,1008.0,1382.0
1960,1,2018-10-17,PEAK,333.0,478.0
1961,43,2018-10-17,OFF_PEAK,194.0,341.0
1962,43,2018-10-17,PEAK,40.0,123.0
1963,749,2018-10-17,PEAK,599.0,796.0
1964,751,2018-10-18,OFF_PEAK,1019.0,1326.0
1965,43,2018-10-18,OFF_PEAK,177.0,347.0
1966,43,2018-10-18,PEAK,47.0,130.0
1967,1,2018-10-18,PEAK,358.0,502.0
1968,1,2018-10-18,OFF_PEAK,894.0,1242.0
1969,749,2018-10-18,OFF_PEAK,1752.0,2326.0
1970,749,2018-10-18,PEAK,562.0,712.0
1971,751,2018-10-18,PEAK,321.0,465.0
1972,751,2018-10-19,OFF_PEAK,1036.0,1342.0
1973,1,2018-10-19,PEAK,298.0,398.0
1974,749,2018-10-19,PEAK,554.0,798.0
1975,1,2018-10-19,OFF_PEAK,787.0,1100.0
1976,43,2018-10-19,PEAK,39.0,126.0
1977,43,2018-10-19,OFF_PEAK,194.0,357.0
1978,751,2018-10-19,PEAK,369.0,501.0
1979,749,2018-10-19,OFF_PEAK,1532.0,2081.0
1980,751,2018-10-20,OFF_PEAK,969.0,1485.0
1981,749,2018-10-20,OFF_PEAK,2187.0,2868.0
1982,43,2018-10-20,OFF_PEAK,187.0,496.0
1983,1,2018-10-20,OFF_PEAK,1233.0,1709.0
1984,43,2018-10-21,OFF_PEAK,202.0,389.0
1985,751,2018-10-21,OFF_PEAK,1128.0,1540.0
1986,749,2018-10-21,OFF_PEAK,2192.0,2948.0
1987,1,2018-10-21,OFF_PEAK,815.0,1062.0
1988,43,2018-10-22,PEAK,70.0,131.0
1989,43,2018-10-22,OFF_PEAK,232.0,358.0
1990,1,2018-10-22,PEAK,364.0,492.0
1991,1,2018-10-22,OFF_PEAK,996.0,1331.0
1992,749,2018-10-22,OFF_PEAK,1864.0,2370.0
1993,749,2018-10-22,PEAK,601.0,850.0
1994,751,2018-10-22,OFF_PEAK,1043.0,1329.0
1995,751,2018-10-22,PEAK,352.0,467.0
1996,751,2018-10-23,OFF_PEAK,1132.0,1370.0
1997,1,2018-10-23,PEAK,320.0,487.0
1998,749,2018-10-23,PEAK,636.0,832.0
1999,43,2018-10-23,OFF_PEAK,171.0,329.0
2000,43,2018-10-23,PEAK,49.0,124.0
2001,751,2018-10-23,PEAK,322.0,481.0
2002,1,2018-10-23,OFF_PEAK,847.0,1206.0
2003,749,2018-10-23,OFF_PEAK,1665.0,2192.0
2004,749,2018-10-24,OFF_PEAK,1530.0,2018.0
2005,751,2018-10-24,PEAK,373.0,499.0
2006,751,2018-10-24,OFF_PEAK,1014.0,1335.0
2007,43,2018-10-24,OFF_PEAK,224.0,357.0
2008,1,2018-10-24,OFF_PEAK,885.0,1269.0
2009,749,2018-10-24,PEAK,596.0,823.0
2010,43,2018-10-24,PEAK,64.0,131.0
2011,1,2018-10-24,PEAK,320.0,460.0
2012,1,2018-10-25,OFF_PEAK,838.0,1187.0
2013,749,2018-10-25,OFF_PEAK,1700.0,2186.0
2014,749,2018-10-25,PEAK,598.0,809.0
2015,751,2018-10-25,PEAK,339.0,494.0
2016,751,2018-10-25,OFF_PEAK,1068.0,1375.0
2017,43,2018-10-25,PEAK,51.0,107.0
2018,1,2018-10-25,PEAK,306.0,445.0
2019,43,2018-10-25,OFF_PEAK,222.0,351.0
2020,43,2018-10-26,PEAK,56.0,130.0
2021,43,2018-10-26,OFF_PEAK,195.0,351.0
2022,1,2018-10-26,PEAK,326.0,455.0
2023,1,2018-10-26,OFF_PEAK,828.0,1108.0
2024,749,2018-10-26,OFF_PEAK,1440.0,1925.0
2025,751,2018-10-26,PEAK,406.0,501.0
2026,751,2018-10-26,OFF_PEAK,1023.0,1337.0
2027,749,2018-10-26,PEAK,650.0,793.0
2028,1,2018-10-27,OFF_PEAK,1212.0,1641.0
2029,43,2018-10-27,OFF_PEAK,341.0,515.0
2030,749,2018-10-27,OFF_PEAK,2285.0,2954.0
2031,751,2018-10-27,OFF_PEAK,1119.0,1578.0
2032,1,2018-10-28,OFF_PEAK,753.0,1002.0
2033,749,2018-10-28,OFF_PEAK,2143.0,2817.0
2034,751,2018-10-28,OFF_PEAK,1053.0,1400.0
2035,43,2018-10-28,OFF_PEAK,236.0,415.0
2036,43,2018-10-29,PEAK,68.0,131.0
2037,749,2018-10-29,PEAK,647.0,858.0
2038,1,2018-10-29,OFF_PEAK,1044.0,1353.0
2039,751,2018-10-29,OFF_PEAK,1078.0,1382.0
2040,751,2018-10-29,PEAK,431.0,501.0
2041,749,2018-10-29,OFF_PEAK,1758.0,2327.0
2042,43,2018-10-29,OFF_PEAK,164.0,355.0
2043,1,2018-10-29,PEAK,430.0,547.0
2044,751,2018-10-30,OFF_PEAK,1098.0,1395.0
2045,751,2018-10-30,PEAK,391.0,497.0
2046,43,2018-10-30,PEAK,42.0,130.0
2047,749,2018-10-30,OFF_PEAK,1682.0,2272.0
2048,1,2018-10-30,OFF_PEAK,1024.0,1375.0
2049,749,2018-10-30,PEAK,588.0,795.0
2050,1,2018-10-30,PEAK,402.0,503.0
2051,43,2018-10-30,OFF_PEAK,223.0,357.0
2052,751,2018-10-31,PEAK,386.0,498.0
2053,749,2018-10-31,PEAK,619.0,833.0
2054,749,2018-10-31,OFF_PEAK,1534.0,2113.0
2055,1,2018-10-31,OFF_PEAK,667.0,934.0
2056,1,2018-10-31,PEAK,326.0,454.0
2057,43,2018-10-31,OFF_PEAK,155.0,301.0
2058,43,2018-10-31,PEAK,47.0,102.0
2059,751,2018-10-31,OFF_PEAK,1043.0,1341.0
2060,43,2018-11-01,PEAK,43.0,131.0
2061,1,2018-11-01,PEAK,291.0,424.0
2062,1,2018-11-01,OFF_PEAK,967.0,1295.0
2063,749,2018-11-01,OFF_PEAK,1567.0,2192.0
2064,749,2018-11-01,PEAK,616.0,801.0
2065,751,2018-11-01,OFF_PEAK,942.0,1243.0
2066,751,2018-11-01,PEAK,352.0,481.0
2067,43,2018-11-01,OFF_PEAK,173.0,348.0
2068,43,2018-11-02,PEAK,42.0,122.0
2069,43,2018-11-02,OFF_PEAK,157.0,334.0
2070,1,2018-11-02,PEAK,280.0,417.0
2071,1,2018-11-02,OFF_PEAK,866.0,1255.0
2072,751,2018-11-02,OFF_PEAK,898.0,1300.0
2073,749,2018-11-02,PEAK,580.0,797.0
2074,751,2018-11-02,PEAK,327.0,491.0
2075,749,2018-11-02,OFF_PEAK,1499.0,2070.0
2076,43,2018-11-03,OFF_PEAK,235.0,490.0
2077,751,2018-11-03,OFF_PEAK,1021.0,1438.0
2078,749,2018-11-03,OFF_PEAK,2506.0,3306.0
2079,1,2018-11-03,OFF_PEAK,1102.0,1441.0
2080,43,2018-11-04,OFF_PEAK,190.0,413.0
2081,1,2018-11-04,OFF_PEAK,791.0,1081.0
2082,751,2018-11-04,OFF_PEAK,1136.0,1499.0
2083,749,2018-11-04,OFF_PEAK,1771.0,2561.0
2084,751,2018-11-05,OFF_PEAK,1012.0,1314.0
2085,751,2018-11-05,PEAK,343.0,459.0
2086,749,2018-11-05,OFF_PEAK,1934.0,2386.0
2087,749,2018-11-05,PEAK,704.0,862.0
2088,1,2018-11-05,OFF_PEAK,969.0,1331.0
2089,1,2018-11-05,PEAK,332.0,487.0
2090,43,2018-11-05,OFF_PEAK,194.0,354.0
2091,43,2018-11-05,PEAK,61.0,130.0
2092,43,2018-11-06,PEAK,41.0,124.0
2093,1,2018-11-06,OFF_PEAK,874.0,1224.0
2094,43,2018-11-06,OFF_PEAK,169.0,339.0
2095,1,2018-11-06,PEAK,277.0,405.0
2096,749,2018-11-06,OFF_PEAK,1617.0,2149.0
2097,751,2018-11-06,PEAK,201.0,342.0
2098,751,2018-11-06,OFF_PEAK,814.0,1100.0
2099,749,2018-11-06,PEAK,546.0,764.0
2100,751,2018-11-07,OFF_PEAK,933.0,1218.0
2101,751,2018-11-07,PEAK,278.0,417.0
2102,749,2018-11-07,OFF_PEAK,1681.0,2222.0
2103,749,2018-11-07,PEAK,613.0,822.0
2104,1,2018-11-07,PEAK,321.0,454.0
2105,1,2018-11-07,OFF_PEAK,936.0,1234.0
2106,43,2018-11-07,OFF_PEAK,197.0,351.0
2107,43,2018-11-07,PEAK,39.0,131.0
2108,43,2018-11-08,OFF_PEAK,148.0,343.0
2109,43,2018-11-08,PEAK,27.0,131.0
2110,1,2018-11-08,PEAK,264.0,378.0
2111,749,2018-11-08,PEAK,392.0,598.0
2112,1,2018-11-08,OFF_PEAK,853.0,1122.0
2113,751,2018-11-08,PEAK,290.0,488.0
2114,751,2018-11-08,OFF_PEAK,1014.0,1288.0
2115,749,2018-11-08,OFF_PEAK,1580.0,2088.0
2116,43,2018-11-09,PEAK,42.0,130.0
2117,43,2018-11-09,OFF_PEAK,184.0,350.0
2118,1,2018-11-09,OFF_PEAK,986.0,1260.0
2119,749,2018-11-09,PEAK,679.0,850.0
2120,1,2018-11-09,PEAK,335.0,467.0
2121,751,2018-11-09,PEAK,432.0,501.0
2122,751,2018-11-09,OFF_PEAK,1007.0,1350.0
2123,749,2018-11-09,OFF_PEAK,1579.0,2104.0
2124,751,2018-11-10,OFF_PEAK,904.0,1395.0
2125,749,2018-11-10,OFF_PEAK,2140.0,2989.0
2126,1,2018-11-10,OFF_PEAK,1235.0,1745.0
2127,43,2018-11-10,OFF_PEAK,266.0,516.0
2128,43,2018-11-11,OFF_PEAK,228.0,371.0
2129,749,2018-11-11,OFF_PEAK,1737.0,2363.0
2130,751,2018-11-11,OFF_PEAK,1160.0,1479.0
2131,1,2018-11-11,OFF_PEAK,816.0,1040.0
2132,43,2018-11-12,PEAK,81.0,130.0
2133,1,2018-11-12,OFF_PEAK,1052.0,1329.0
2134,749,2018-11-12,OFF_PEAK,1797.0,2115.0
2135,749,2018-11-12,PEAK,666.0,800.0
2136,751,2018-11-12,PEAK,443.0,500.0
2137,43,2018-11-12,OFF_PEAK,292.0,357.0
2138,751,2018-11-12,OFF_PEAK,1163.0,1389.0
2139,1,2018-11-12,PEAK,359.0,436.0
2140,751,2018-11-13,PEAK,357.0,493.0
2141,751,2018-11-13,OFF_PEAK,1174.0,1401.0
2142,749,2018-11-13,PEAK,641.0,846.0
2143,749,2018-11-13,OFF_PEAK,1861.0,2330.0
2144,1,2018-11-13,OFF_PEAK,946.0,1245.0
2145,1,2018-11-13,PEAK,340.0,508.0
2146,43,2018-11-13,PEAK,60.0,124.0
2147,43,2018-11-13,OFF_PEAK,224.0,356.0
2148,751,2018-11-14,OFF_PEAK,1128.0,1338.0
2149,751,2018-11-14,PEAK,286.0,448.0
2150,749,2018-11-14,OFF_PEAK,1711.0,2260.0
2151,1,2018-11-14,OFF_PEAK,1057.0,1377.0
2152,1,2018-11-14,PEAK,369.0,540.0
2153,43,2018-11-14,OFF_PEAK,222.0,348.0
2154,43,2018-11-14,PEAK,21.0,109.0
2155,749,2018-11-14,PEAK,530.0,747.0
2156,1,2018-11-15,PEAK,319.0,471.0
2157,43,2018-11-15,OFF_PEAK,210.0,354.0
2158,751,2018-11-15,PEAK,340.0,495.0
2159,751,2018-11-15,OFF_PEAK,1013.0,1296.0
2160,749,2018-11-15,PEAK,624.0,855.0
2161,749,2018-11-15,OFF_PEAK,1587.0,2198.0
2162,43,2018-11-15,PEAK,47.0,130.0
2163,1,2018-11-15,OFF_PEAK,845.0,1232.0
2164,751,2018-11-16,OFF_PEAK,1010.0,1299.0
2165,751,2018-11-16,PEAK,363.0,490.0
2166,749,2018-11-16,OFF_PEAK,1656.0,2143.0
2167,749,2018-11-16,PEAK,643.0,820.0
2168,1,2018-11-16,PEAK,330.0,511.0
2169,1,2018-11-16,OFF_PEAK,961.0,1309.0
2170,43,2018-11-16,OFF_PEAK,171.0,352.0
2171,43,2018-11-16,PEAK,54.0,120.0
2172,749,2018-11-17,OFF_PEAK,1703.0,2553.0
2173,751,2018-11-17,OFF_PEAK,816.0,1209.0
2174,1,2018-11-17,OFF_PEAK,922.0,1289.0
2175,43,2018-11-17,OFF_PEAK,197.0,464.0
2176,1,2018-11-18,OFF_PEAK,764.0,1041.0
2177,749,2018-11-18,OFF_PEAK,1788.0,2531.0
2178,43,2018-11-18,OFF_PEAK,254.0,416.0
2179,751,2018-11-18,OFF_PEAK,1149.0,1548.0
2180,1,2018-11-19,PEAK,368.0,550.0
2181,43,2018-11-19,PEAK,73.0,130.0
2182,43,2018-11-19,OFF_PEAK,234.0,356.0
2183,1,2018-11-19,OFF_PEAK,1016.0,1397.0
2184,751,2018-11-19,PEAK,320.0,418.0
2185,749,2018-11-19,OFF_PEAK,1827.0,2347.0
2186,751,2018-11-19,OFF_PEAK,917.0,1177.0
2187,749,2018-11-19,PEAK,507.0,717.0
2188,43,2018-11-20,OFF_PEAK,195.0,357.0
2189,751,2018-11-20,OFF_PEAK,1035.0,1286.0
2190,751,2018-11-20,PEAK,353.0,501.0
2191,749,2018-11-20,OFF_PEAK,1708.0,2190.0
2192,749,2018-11-20,PEAK,555.0,774.0
2193,1,2018-11-20,OFF_PEAK,811.0,1132.0
2194,1,2018-11-20,PEAK,287.0,440.0
2195,43,2018-11-20,PEAK,31.0,130.0
2196,43,2018-11-21,PEAK,83.0,130.0
2197,43,2018-11-21,OFF_PEAK,202.0,327.0
2198,1,2018-11-21,PEAK,355.0,471.0
2199,1,2018-11-21,OFF_PEAK,965.0,1331.0
2200,751,2018-11-21,PEAK,395.0,465.0
2201,749,2018-11-21,PEAK,623.0,775.0
2202,751,2018-11-21,OFF_PEAK,1179.0,1404.0
2203,749,2018-11-21,OFF_PEAK,1719.0,2209.0
2204,751,2018-11-22,OFF_PEAK,1040.0,1169.0
2205,751,2018-11-22,PEAK,323.0,394.0
2206,749,2018-11-22,OFF_PEAK,2049.0,2329.0
2207,749,2018-11-22,PEAK,661.0,771.0
2208,1,2018-11-22,PEAK,218.0,278.0
2209,1,2018-11-22,OFF_PEAK,704.0,893.0
2210,43,2018-11-22,OFF_PEAK,224.0,313.0
2211,43,2018-11-22,PEAK,64.0,88.0
2212,43,2018-11-23,PEAK,86.0,130.0
2213,43,2018-11-23,OFF_PEAK,201.0,338.0
2214,1,2018-11-23,PEAK,443.0,556.0
2215,1,2018-11-23,OFF_PEAK,1076.0,1406.0
2216,749,2018-11-23,OFF_PEAK,1930.0,2313.0
2217,751,2018-11-23,PEAK,411.0,479.0
2218,751,2018-11-23,OFF_PEAK,1306.0,1401.0
2219,749,2018-11-23,PEAK,651.0,710.0
2220,751,2018-11-24,OFF_PEAK,1066.0,1481.0
2221,749,2018-11-24,OFF_PEAK,2320.0,2954.0
2222,1,2018-11-24,OFF_PEAK,1313.0,1747.0
2223,43,2018-11-24,OFF_PEAK,320.0,468.0
2224,751,2018-11-25,OFF_PEAK,922.0,1245.0
2225,749,2018-11-25,OFF_PEAK,1605.0,2307.0
2226,1,2018-11-25,OFF_PEAK,795.0,1022.0
2227,43,2018-11-25,OFF_PEAK,229.0,389.0
2228,43,2018-11-26,OFF_PEAK,201.0,350.0
2229,1,2018-11-26,PEAK,331.0,473.0
2230,749,2018-11-26,PEAK,634.0,815.0
2231,43,2018-11-26,PEAK,63.0,110.0
2232,751,2018-11-26,PEAK,326.0,393.0
2233,751,2018-11-26,OFF_PEAK,958.0,1181.0
2234,1,2018-11-26,OFF_PEAK,910.0,1244.0
2235,749,2018-11-26,OFF_PEAK,1769.0,2274.0
2236,1,2018-11-27,OFF_PEAK,933.0,1279.0
2237,1,2018-11-27,PEAK,333.0,477.0
2238,749,2018-11-27,PEAK,701.0,862.0
2239,749,2018-11-27,OFF_PEAK,1753.0,2193.0
2240,751,2018-11-27,PEAK,392.0,495.0
2241,751,2018-11-27,OFF_PEAK,1096.0,1329.0
2242,43,2018-11-27,PEAK,75.0,130.0
2243,43,2018-11-27,OFF_PEAK,210.0,332.0
2244,1,2018-11-28,PEAK,336.0,498.0
2245,751,2018-11-28,OFF_PEAK,1064.0,1315.0
2246,751,2018-11-28,PEAK,392.0,499.0
2247,749,2018-11-28,OFF_PEAK,1816.0,2283.0
2248,749,2018-11-28,PEAK,659.0,819.0
2249,1,2018-11-28,OFF_PEAK,940.0,1277.0
2250,43,2018-11-28,OFF_PEAK,221.0,356.0
2251,43,2018-11-28,PEAK,47.0,131.0
2252,749,2018-11-29,OFF_PEAK,1670.0,2185.0
2253,43,2018-11-29,PEAK,58.0,131.0
2254,43,2018-11-29,OFF_PEAK,169.0,327.0
2255,1,2018-11-29,OFF_PEAK,902.0,1290.0
2256,1,2018-11-29,PEAK,336.0,473.0
2257,749,2018-11-29,PEAK,622.0,822.0
2258,751,2018-11-29,PEAK,301.0,440.0
2259,751,2018-11-29,OFF_PEAK,1056.0,1329.0
2260,43,2018-11-30,OFF_PEAK,185.0,356.0
2261,751,2018-11-30,OFF_PEAK,972.0,1275.0
2262,751,2018-11-30,PEAK,350.0,492.0
2263,749,2018-11-30,OFF_PEAK,1582.0,2148.0
2264,749,2018-11-30,PEAK,594.0,784.0
2265,1,2018-11-30,OFF_PEAK,848.0,1230.0
2266,1,2018-11-30,PEAK,320.0,442.0
2267,43,2018-11-30,PEAK,65.0,131.0
2268,749,2018-12-01,OFF_PEAK,2140.0,2826.0
2269,1,2018-12-01,OFF_PEAK,1194.0,1691.0
2270,43,2018-12-01,OFF_PEAK,205.0,490.0
2271,751,2018-12-01,OFF_PEAK,909.0,1274.0
2272,751,2018-12-02,OFF_PEAK,1056.0,1446.0
2273,749,2018-12-02,OFF_PEAK,2113.0,2909.0
2274,1,2018-12-02,OFF_PEAK,800.0,1088.0
2275,43,2018-12-02,OFF_PEAK,213.0,411.0
2276,43,2018-12-03,OFF_PEAK,209.0,357.0
2277,751,2018-12-03,OFF_PEAK,1107.0,1397.0
2278,751,2018-12-03,PEAK,391.0,497.0
2279,749,2018-12-03,PEAK,619.0,805.0
2280,749,2018-12-03,OFF_PEAK,1890.0,2365.0
2281,1,2018-12-03,OFF_PEAK,917.0,1319.0
2282,1,2018-12-03,PEAK,334.0,467.0
2283,43,2018-12-03,PEAK,84.0,127.0
2284,43,2018-12-04,OFF_PEAK,202.0,347.0
2285,1,2018-12-04,PEAK,321.0,512.0
2286,1,2018-12-04,OFF_PEAK,952.0,1324.0
2287,749,2018-12-04,OFF_PEAK,1565.0,2123.0
2288,43,2018-12-04,PEAK,56.0,125.0
2289,751,2018-12-04,OFF_PEAK,938.0,1254.0
2290,751,2018-12-04,PEAK,389.0,495.0
2291,749,2018-12-04,PEAK,525.0,719.0
2292,43,2018-12-05,PEAK,71.0,121.0
2293,1,2018-12-05,OFF_PEAK,1014.0,1384.0
2294,1,2018-12-05,PEAK,324.0,509.0
2295,749,2018-12-05,PEAK,563.0,744.0
2296,43,2018-12-05,OFF_PEAK,212.0,358.0
2297,751,2018-12-05,PEAK,379.0,501.0
2298,751,2018-12-05,OFF_PEAK,1051.0,1330.0
2299,749,2018-12-05,OFF_PEAK,1547.0,2077.0
2300,751,2018-12-06,OFF_PEAK,1028.0,1318.0
2301,751,2018-12-06,PEAK,300.0,410.0
2302,749,2018-12-06,PEAK,613.0,799.0
2303,749,2018-12-06,OFF_PEAK,1721.0,2243.0
2304,1,2018-12-06,OFF_PEAK,1026.0,1354.0
2305,1,2018-12-06,PEAK,382.0,546.0
2306,43,2018-12-06,PEAK,72.0,131.0
2307,43,2018-12-06,OFF_PEAK,207.0,356.0
2308,43,2018-12-07,OFF_PEAK,186.0,354.0
2309,1,2018-12-07,OFF_PEAK,972.0,1381.0
2310,1,2018-12-07,PEAK,362.0,534.0
2311,749,2018-12-07,OFF_PEAK,1620.0,2199.0
2312,43,2018-12-07,PEAK,72.0,131.0
2313,751,2018-12-07,OFF_PEAK,994.0,1375.0
2314,751,2018-12-07,PEAK,394.0,492.0
2315,749,2018-12-07,PEAK,625.0,795.0
2316,751,2018-12-08,OFF_PEAK,740.0,1109.0
2317,749,2018-12-08,OFF_PEAK,1622.0,2136.0
2318,1,2018-12-08,OFF_PEAK,1247.0,1714.0
2319,43,2018-12-08,OFF_PEAK,191.0,509.0
2320,751,2018-12-09,OFF_PEAK,979.0,1367.0
2321,749,2018-12-09,OFF_PEAK,1578.0,2125.0
2322,1,2018-12-09,OFF_PEAK,823.0,1042.0
2323,43,2018-12-09,OFF_PEAK,224.0,395.0
2324,43,2018-12-10,PEAK,78.0,131.0
2325,1,2018-12-10,OFF_PEAK,1051.0,1394.0
2326,43,2018-12-10,OFF_PEAK,234.0,357.0
2327,1,2018-12-10,PEAK,399.0,525.0
2328,751,2018-12-10,OFF_PEAK,1069.0,1365.0
2329,749,2018-12-10,OFF_PEAK,1893.0,2355.0
2330,751,2018-12-10,PEAK,368.0,475.0
2331,749,2018-12-10,PEAK,644.0,851.0
2332,751,2018-12-11,OFF_PEAK,1046.0,1368.0
2333,751,2018-12-11,PEAK,365.0,495.0
2334,749,2018-12-11,OFF_PEAK,1748.0,2324.0
2335,749,2018-12-11,PEAK,638.0,811.0
2336,1,2018-12-11,PEAK,377.0,503.0
2337,1,2018-12-11,OFF_PEAK,993.0,1356.0
2338,43,2018-12-11,OFF_PEAK,198.0,359.0
2339,43,2018-12-11,PEAK,70.0,131.0
2340,43,2018-12-12,PEAK,57.0,129.0
2341,43,2018-12-12,OFF_PEAK,196.0,349.0
2342,1,2018-12-12,OFF_PEAK,935.0,1344.0
2343,1,2018-12-12,PEAK,344.0,494.0
2344,749,2018-12-12,PEAK,624.0,803.0
2345,751,2018-12-12,PEAK,331.0,495.0
2346,751,2018-12-12,OFF_PEAK,1088.0,1364.0
2347,749,2018-12-12,OFF_PEAK,1763.0,2161.0
2348,751,2018-12-13,PEAK,337.0,440.0
2349,751,2018-12-13,OFF_PEAK,1052.0,1308.0
2350,749,2018-12-13,PEAK,662.0,859.0
2351,749,2018-12-13,OFF_PEAK,1777.0,2320.0
2352,1,2018-12-13,OFF_PEAK,1005.0,1364.0
2353,1,2018-12-13,PEAK,339.0,483.0
2354,43,2018-12-13,PEAK,46.0,130.0
2355,43,2018-12-13,OFF_PEAK,193.0,354.0
2356,43,2018-12-14,PEAK,54.0,130.0
2357,1,2018-12-14,PEAK,329.0,467.0
2358,43,2018-12-14,OFF_PEAK,181.0,358.0
2359,749,2018-12-14,PEAK,687.0,857.0
2360,749,2018-12-14,OFF_PEAK,1572.0,2168.0
2361,1,2018-12-14,OFF_PEAK,1000.0,1359.0
2362,751,2018-12-14,PEAK,383.0,501.0
2363,751,2018-12-14,OFF_PEAK,988.0,1334.0
2364,43,2018-12-15,OFF_PEAK,223.0,507.0
2365,751,2018-12-15,OFF_PEAK,1055.0,1471.0
2366,749,2018-12-15,OFF_PEAK,2479.0,3269.0
2367,1,2018-12-15,OFF_PEAK,1337.0,1763.0
2368,749,2018-12-16,OFF_PEAK,2335.0,3070.0
2369,751,2018-12-16,OFF_PEAK,1232.0,1543.0
2370,43,2018-12-16,OFF_PEAK,247.0,407.0
2371,1,2018-12-16,OFF_PEAK,901.0,1186.0
2372,43,2018-12-17,OFF_PEAK,230.0,348.0
2373,43,2018-12-17,PEAK,52.0,131.0
2374,751,2018-12-17,PEAK,349.0,491.0
2375,751,2018-12-17,OFF_PEAK,1146.0,1400.0
2376,749,2018-12-17,OFF_PEAK,1825.0,2394.0
2377,749,2018-12-17,PEAK,688.0,861.0
2378,1,2018-12-17,OFF_PEAK,983.0,1313.0
2379,1,2018-12-17,PEAK,385.0,519.0
2380,751,2018-12-18,PEAK,375.0,501.0
2381,751,2018-12-18,OFF_PEAK,1168.0,1400.0
2382,749,2018-12-18,PEAK,596.0,769.0
2383,749,2018-12-18,OFF_PEAK,1779.0,2222.0
2384,1,2018-12-18,OFF_PEAK,958.0,1272.0
2385,1,2018-12-18,PEAK,336.0,451.0
2386,43,2018-12-18,OFF_PEAK,232.0,347.0
2387,43,2018-12-18,PEAK,55.0,129.0
2388,751,2018-12-19,PEAK,363.0,501.0
2389,751,2018-12-19,OFF_PEAK,1014.0,1318.0
2390,749,2018-12-19,OFF_PEAK,1568.0,2091.0
2391,749,2018-12-19,PEAK,583.0,797.0
2392,1,2018-12-19,OFF_PEAK,977.0,1323.0
2393,1,2018-12-19,PEAK,308.0,414.0
2394,43,2018-12-19,PEAK,63.0,131.0
2395,43,2018-12-19,OFF_PEAK,204.0,341.0
2396,43,2018-12-20,PEAK,73.0,129.0
2397,1,2018-12-20,PEAK,404.0,511.0
2398,43,2018-12-20,OFF_PEAK,167.0,342.0
2399,1,2018-12-20,OFF_PEAK,1045.0,1406.0
2400,749,2018-12-20,OFF_PEAK,1581.0,2137.0
2401,749,2018-12-20,PEAK,569.0,747.0
2402,751,2018-12-20,OFF_PEAK,1063.0,1380.0
2403,751,2018-12-20,PEAK,340.0,430.0
2404,43,2018-12-21,OFF_PEAK,195.0,347.0
2405,43,2018-12-21,PEAK,79.0,130.0
2406,1,2018-12-21,OFF_PEAK,934.0,1260.0
2407,749,2018-12-21,OFF_PEAK,1751.0,2245.0
2408,1,2018-12-21,PEAK,369.0,476.0
2409,751,2018-12-21,OFF_PEAK,1085.0,1391.0
2410,751,2018-12-21,PEAK,403.0,476.0
2411,749,2018-12-21,PEAK,586.0,763.0
2412,751,2018-12-22,OFF_PEAK,1096.0,1485.0
2413,749,2018-12-22,OFF_PEAK,2292.0,3015.0
2414,1,2018-12-22,OFF_PEAK,1229.0,1533.0
2415,43,2018-12-22,OFF_PEAK,292.0,502.0
2416,1,2018-12-23,OFF_PEAK,672.0,888.0
2417,751,2018-12-23,OFF_PEAK,1248.0,1547.0
2418,749,2018-12-23,OFF_PEAK,2212.0,2870.0
2419,43,2018-12-23,OFF_PEAK,258.0,418.0
2420,43,2018-12-24,OFF_PEAK,288.0,358.0
2421,1,2018-12-24,PEAK,430.0,521.0
2422,43,2018-12-24,PEAK,91.0,128.0
2423,1,2018-12-24,OFF_PEAK,1111.0,1333.0
2424,749,2018-12-24,OFF_PEAK,2056.0,2396.0
2425,749,2018-12-24,PEAK,690.0,805.0
2426,751,2018-12-24,PEAK,442.0,495.0
2427,751,2018-12-24,OFF_PEAK,1245.0,1399.0
2428,43,2018-12-25,PEAK,54.0,92.0
2429,1,2018-12-25,PEAK,244.0,270.0
2430,1,2018-12-25,OFF_PEAK,653.0,865.0
2431,749,2018-12-25,PEAK,604.0,700.0
2432,43,2018-12-25,OFF_PEAK,217.0,317.0
2433,751,2018-12-25,OFF_PEAK,1005.0,1167.0
2434,751,2018-12-25,PEAK,383.0,413.0
2435,749,2018-12-25,OFF_PEAK,1967.0,2267.0
2436,751,2018-12-26,OFF_PEAK,1178.0,1360.0
2437,751,2018-12-26,PEAK,420.0,490.0
2438,749,2018-12-26,OFF_PEAK,2068.0,2410.0
2439,749,2018-12-26,PEAK,748.0,857.0
2440,1,2018-12-26,PEAK,405.0,523.0
2441,1,2018-12-26,OFF_PEAK,1030.0,1285.0
2442,43,2018-12-26,PEAK,86.0,128.0
2443,43,2018-12-26,OFF_PEAK,266.0,356.0
2444,1,2018-12-27,OFF_PEAK,1503.0,1878.0
2445,43,2018-12-27,OFF_PEAK,319.0,462.0
2446,751,2018-12-27,OFF_PEAK,1638.0,1897.0
2447,749,2018-12-27,OFF_PEAK,2505.0,2994.0
2448,43,2018-12-28,OFF_PEAK,257.0,336.0
2449,751,2018-12-28,PEAK,392.0,497.0
2450,751,2018-12-28,OFF_PEAK,1173.0,1396.0
2451,749,2018-12-28,PEAK,634.0,767.0
2452,749,2018-12-28,OFF_PEAK,1770.0,2215.0
2453,1,2018-12-28,OFF_PEAK,1000.0,1291.0
2454,1,2018-12-28,PEAK,378.0,484.0
2455,43,2018-12-28,PEAK,92.0,129.0
2456,751,2018-12-29,OFF_PEAK,1183.0,1558.0
2457,749,2018-12-29,OFF_PEAK,2394.0,3228.0
2458,1,2018-12-29,OFF_PEAK,1210.0,1603.0
2459,43,2018-12-29,OFF_PEAK,278.0,504.0
2460,751,2018-12-30,OFF_PEAK,1259.0,1568.0
2461,749,2018-12-30,OFF_PEAK,2281.0,3005.0
2462,43,2018-12-30,OFF_PEAK,279.0,411.0
2463,1,2018-12-30,OFF_PEAK,849.0,1164.0
2464,43,2018-12-31,OFF_PEAK,199.0,311.0
2465,43,2018-12-31,PEAK,86.0,122.0
2466,1,2018-12-31,PEAK,323.0,411.0
2467,1,2018-12-31,OFF_PEAK,903.0,1199.0
2468,751,2018-12-31,OFF_PEAK,1080.0,1368.0
2469,749,2018-12-31,OFF_PEAK,1744.0,2260.0
2470,751,2018-12-31,PEAK,428.0,498.0
2471,749,2018-12-31,PEAK,650.0,780.0
